X,Y,Date,Site,GenSite,Season,Lat,Long,Flow,Discharge,pH,Temp_pH,SpecCond,Temp_sc,pH_est,Temp_est,Balance,Flag,Ca,CO2,CO2_iso,DIC,DIC_iso,Bicarb,Carb,CarbAcid,CO2_aq,Bicarb_per,logSI,DelDICCO2,eDICCO2,Time
-94.223148,36.446014,2011/06/22,BS01,cave,summer,36.44601400000,-94.22314800000,baseflow,0.01200000000,7.60000000000,14.60000000000,-9999.00000000000,14.60000000000,-9999.00000000000,-9999.00000000000,-9999.00000000000,-9999,-9999.00000000000,800.00000000000,-22.37000000000,23.70000000000,-14.37000000000,-9999.00000000000,-9999.00000000000,-9999.00000000000,-9999.00000000000,-9999.00000000000,-9999.00000000000,-9999.00000000000,-9999.00000000000,9:20
-94.223148,36.446014,2011/07/06,BS01,cave,summer,36.44601400000,-94.22314800000,baseflow,0.01000000000,7.50000000000,14.70000000000,-9999.00000000000,14.70000000000,-9999.00000000000,-9999.00000000000,-9999.00000000000,-9999,-9999.00000000000,1600.00000000000,-21.01000000000,25.30000000000,-15.14000000000,-9999.00000000000,-9999.00000000000,-9999.00000000000,-9999.00000000000,-9999.00000000000,-9999.00000000000,-9999.00000000000,-9999.00000000000,9:20
-94.223148,36.446014,2011/07/21,BS01,cave,summer,36.44601400000,-94.22314800000,baseflow,0.00700000000,7.50000000000,14.60000000000,-9999.00000000000,14.60000000000,-9999.00000000000,-9999.00000000000,-9999.00000000000,-9999,-9999.00000000000,1000.00000000000,-14.63000000000,25.40000000000,-14.70000000000,-9999.00000000000,-9999.00000000000,-9999.00000000000,-9999.00000000000,-9999.00000000000,-9999.00000000000,-9999.00000000000,-9999.00000000000,9:30
-94.223148,36.446014,2011/10/05,BS01,cave,fall,36.44601400000,-94.22314800000,baseflow,0.00700000000,7.60000000000,14.50000000000,238.30000000000,14.50000000000,-9999.00000000000,-9999.00000000000,-9999.00000000000,-9999,38.20000000000,655.00000000000,-9999.00000000000,24.10000000000,-13.52000000000,-9999.00000000000,-9999.00000000000,-9999.00000000000,-9999.00000000000,-9999.00000000000,-9999.00000000000,-9999.00000000000,-9999.00000000000,9:20
-94.223148,36.446014,2012/03/16,BS01,cave,winter,36.44601400000,-94.22314800000,baseflow,0.00700000000,8.00000000000,14.50000000000,225.30000000000,14.50000000000,-9999.00000000000,-9999.00000000000,0.00000000000,-9999,35.40000000000,918.00000000000,-16.08000000000,29.90000000000,-11.96000000000,0.00242000000,0.00001020000,0.00006300000,0.00006300000,97.00000000000,0.14000000000,4.10000000000,8.80000000000,10:05
-94.223148,36.446014,2012/03/20,BS01,cave,spring,36.44601400000,-94.22314800000,storm,0.13900000000,-9999.00000000000,-9999.00000000000,-9999.00000000000,-9999.00000000000,7.80000000000,14.60000000000,3.00000000000,-9999,22.80000000000,-9999.00000000000,-9999.00000000000,13.60000000000,-14.23000000000,0.00108000000,0.00000280000,0.00004500000,0.00004500000,96.00000000000,-0.58000000000,-9999.00000000000,-9999.00000000000,7:50
-94.223148,36.446014,2012/03/20,BS01,cave,spring,36.44601400000,-94.22314800000,storm,0.14600000000,7.80000000000,14.50000000000,160.30000000000,14.60000000000,-9999.00000000000,-9999.00000000000,-9999.00000000000,-9999,-9999.00000000000,-9999.00000000000,-9999.00000000000,-9999.00000000000,-9999.00000000000,-9999.00000000000,-9999.00000000000,-9999.00000000000,-9999.00000000000,-9999.00000000000,-9999.00000000000,-9999.00000000000,-9999.00000000000,8:03
-94.223148,36.446014,2012/03/20,BS01,cave,spring,36.44601400000,-94.22314800000,storm,0.23300000000,-9999.00000000000,-9999.00000000000,-9999.00000000000,-9999.00000000000,7.70000000000,14.50000000000,2.00000000000,-9999,20.20000000000,-9999.00000000000,-9999.00000000000,11.40000000000,-13.95000000000,0.00090000000,0.00000180000,0.00004900000,0.00004900000,95.00000000000,-0.82000000000,-9999.00000000000,-9999.00000000000,9:15
-94.223148,36.446014,2012/03/20,BS01,cave,spring,36.44601400000,-94.22314800000,storm,0.37300000000,7.60000000000,14.40000000000,136.70000000000,14.40000000000,-9999.00000000000,-9999.00000000000,1.00000000000,-9999,18.10000000000,-9999.00000000000,-9999.00000000000,10.30000000000,-14.51000000000,0.00080000000,0.00000130000,0.00005100000,0.00005100000,94.00000000000,-0.98000000000,-9999.00000000000,-9999.00000000000,11:20
-94.223148,36.446014,2012/03/20,BS01,cave,spring,36.44601400000,-94.22314800000,storm,0.39600000000,7.50000000000,14.40000000000,142.50000000000,14.50000000000,-9999.00000000000,-9999.00000000000,4.00000000000,-9999,18.60000000000,-9999.00000000000,-9999.00000000000,11.30000000000,-15.03000000000,0.00088000000,0.00000130000,0.00006600000,0.00006600000,93.00000000000,-1.00000000000,-9999.00000000000,-9999.00000000000,12:55
-94.223148,36.446014,2012/03/20,BS01,cave,spring,36.44601400000,-94.22314800000,storm,0.37300000000,-9999.00000000000,-9999.00000000000,-9999.00000000000,-9999.00000000000,7.50000000000,14.40000000000,3.00000000000,-9999,17.90000000000,-9999.00000000000,-9999.00000000000,10.80000000000,-15.31000000000,0.00082000000,0.00000100000,0.00007100000,0.00007100000,92.00000000000,-1.10000000000,-9999.00000000000,-9999.00000000000,14:35
-94.223148,36.446014,2012/03/21,BS01,cave,spring,36.44601400000,-94.22314800000,storm,0.37800000000,7.10000000000,14.30000000000,121.00000000000,14.30000000000,-9999.00000000000,-9999.00000000000,0.00000000000,-9999,16.40000000000,-9999.00000000000,-9999.00000000000,9.10000000000,-15.97000000000,0.00063000000,0.00000040000,0.00012300000,0.00012300000,84.00000000000,-1.59000000000,-9999.00000000000,-9999.00000000000,8:15
-94.223148,36.446014,2012/03/21,BS01,cave,spring,36.44601400000,-94.22314800000,storm,0.33100000000,7.30000000000,14.30000000000,121.00000000000,14.30000000000,-9999.00000000000,-9999.00000000000,2.00000000000,-9999,16.00000000000,-9999.00000000000,-9999.00000000000,9.30000000000,-16.19000000000,0.00069000000,0.00000060000,0.00008300000,0.00008300000,89.00000000000,-1.36000000000,-9999.00000000000,-9999.00000000000,12:10
-94.223148,36.446014,2012/03/21,BS01,cave,spring,36.44601400000,-94.22314800000,storm,0.40100000000,7.20000000000,14.30000000000,115.00000000000,14.20000000000,-9999.00000000000,-9999.00000000000,3.00000000000,-9999,15.00000000000,-9999.00000000000,-9999.00000000000,8.60000000000,-15.85000000000,0.00062000000,0.00000040000,0.00010200000,0.00010200000,86.00000000000,-1.57000000000,-9999.00000000000,-9999.00000000000,15:35
-94.223148,36.446014,2012/03/22,BS01,cave,spring,36.44601400000,-94.22314800000,storm,0.36400000000,-9999.00000000000,-9999.00000000000,-9999.00000000000,-9999.00000000000,7.30000000000,14.20000000000,1.00000000000,-9999,15.10000000000,-9999.00000000000,-9999.00000000000,8.60000000000,-16.00000000000,0.00064000000,0.00000060000,0.00007700000,0.00007700000,89.00000000000,-1.42000000000,-9999.00000000000,-9999.00000000000,8:40
-94.223148,36.446014,2012/03/23,BS01,cave,spring,36.44601400000,-94.22314800000,storm,0.18100000000,7.10000000000,14.20000000000,112.50000000000,14.10000000000,-9999.00000000000,-9999.00000000000,3.00000000000,-9999,17.20000000000,-9999.00000000000,-9999.00000000000,9.80000000000,-16.20000000000,0.00069000000,0.00000040000,0.00013400000,0.00013300000,84.00000000000,-1.54000000000,-9999.00000000000,-9999.00000000000,8:00
-94.223148,36.446014,2012/03/24,BS01,cave,spring,36.44601400000,-94.22314800000,storm,0.09400000000,7.50000000000,14.40000000000,136.10000000000,14.40000000000,-9999.00000000000,-9999.00000000000,2.00000000000,-9999,17.10000000000,-9999.00000000000,-9999.00000000000,10.80000000000,-16.07000000000,0.00083000000,0.00000120000,0.00006400000,0.00006400000,93.00000000000,-1.07000000000,-9999.00000000000,-9999.00000000000,9:00
-94.223148,36.446014,2012/03/26,BS01,cave,spring,36.44601400000,-94.22314800000,baseflow,0.03000000000,7.50000000000,14.40000000000,145.10000000000,14.50000000000,-9999.00000000000,-9999.00000000000,1.00000000000,-9999,20.80000000000,-9999.00000000000,-9999.00000000000,12.90000000000,-15.71000000000,0.00100000000,0.00000140000,0.00007500000,0.00007500000,93.00000000000,-0.90000000000,-9999.00000000000,-9999.00000000000,15:45
-94.223148,36.446014,2012/03/28,BS01,cave,spring,36.44601400000,-94.22314800000,baseflow,0.01600000000,7.60000000000,14.50000000000,170.00000000000,14.40000000000,-9999.00000000000,-9999.00000000000,1.00000000000,-9999,23.80000000000,-9999.00000000000,-9999.00000000000,16.50000000000,-13.92000000000,0.00130000000,0.00000250000,0.00007300000,0.00007300000,94.00000000000,-0.61000000000,-9999.00000000000,-9999.00000000000,15:55
-94.223148,36.446014,2012/04/06,BS01,cave,spring,36.44601400000,-94.22314800000,baseflow,0.01400000000,8.10000000000,14.40000000000,214.10000000000,14.40000000000,-9999.00000000000,-9999.00000000000,2.00000000000,-9999,30.90000000000,502.00000000000,-10.34000000000,21.30000000000,-13.34000000000,0.00173000000,0.00000920000,0.00003500000,0.00003500000,98.00000000000,0.05000000000,-3.00000000000,8.90000000000,8:30
-94.223148,36.446014,2012/04/18,BS01,cave,spring,36.44601400000,-94.22314800000,baseflow,0.01400000000,8.00000000000,14.40000000000,220.40000000000,14.50000000000,-9999.00000000000,-9999.00000000000,2.00000000000,-9999,38.40000000000,940.00000000000,-13.35000000000,24.80000000000,-13.68000000000,0.00200000000,0.00000830000,0.00005300000,0.00005300000,97.00000000000,0.08000000000,-0.30000000000,8.80000000000,15:30
-94.223148,36.446014,2012/05/04,BS01,cave,spring,36.44601400000,-94.22314800000,baseflow,0.01400000000,7.60000000000,14.60000000000,239.50000000000,14.50000000000,-9999.00000000000,-9999.00000000000,1.00000000000,-9999,37.30000000000,2349.00000000000,-21.92000000000,24.70000000000,-14.78000000000,0.00194000000,0.00000350000,0.00011700000,0.00011700000,94.00000000000,-0.30000000000,7.10000000000,8.50000000000,8:20
-94.223148,36.446014,2012/05/14,BS01,cave,spring,36.44601400000,-94.22314800000,baseflow,0.01100000000,7.60000000000,14.50000000000,242.50000000000,14.50000000000,-9999.00000000000,-9999.00000000000,2.00000000000,-9999,41.10000000000,2444.00000000000,-18.78000000000,25.20000000000,-13.43000000000,0.00199000000,0.00000400000,0.00010900000,0.00010900000,95.00000000000,-0.21000000000,5.30000000000,8.50000000000,15:50
-94.223148,36.446014,2012/06/26,BS01,cave,summer,36.44601400000,-94.22314800000,baseflow,0.01000000000,7.60000000000,14.60000000000,259.10000000000,14.60000000000,-9999.00000000000,-9999.00000000000,20.00000000000,E,65.90000000000,-9999.00000000000,-9999.00000000000,27.70000000000,-13.23000000000,0.00217000000,0.00000380000,0.00013500000,0.00013500000,94.00000000000,-0.01000000000,-9999.00000000000,-9999.00000000000,13:30
-94.223148,36.446014,2012/07/23,BS01,cave,summer,36.44601400000,-94.22314800000,baseflow,0.00900000000,7.90000000000,14.60000000000,260.80000000000,14.90000000000,-9999.00000000000,-9999.00000000000,1.00000000000,-9999,45.50000000000,-9999.00000000000,-9999.00000000000,27.70000000000,-12.79000000000,0.00224000000,0.00000910000,0.00006100000,0.00006100000,97.00000000000,0.18000000000,-9999.00000000000,-9999.00000000000,12:50
-94.223148,36.446014,2012/08/10,BS01,cave,summer,36.44601400000,-94.22314800000,baseflow,0.00800000000,7.90000000000,14.60000000000,260.80000000000,14.70000000000,-9999.00000000000,-9999.00000000000,3.00000000000,-9999,45.70000000000,2488.00000000000,-21.33000000000,28.50000000000,-13.66000000000,0.00229000000,0.00000830000,0.00007000000,0.00007000000,97.00000000000,0.14000000000,7.70000000000,8.70000000000,14:10
-94.223148,36.446014,2012/08/22,BS01,cave,summer,36.44601400000,-94.22314800000,baseflow,0.00900000000,7.90000000000,14.60000000000,272.90000000000,14.60000000000,-9999.00000000000,-9999.00000000000,1.00000000000,-9999,48.40000000000,2914.00000000000,-21.05000000000,29.00000000000,-13.98000000000,0.00233000000,0.00000810000,0.00007500000,0.00007500000,97.00000000000,0.15000000000,7.10000000000,8.70000000000,11:15
-94.223148,36.446014,2012/09/07,BS01,cave,summer,36.44601400000,-94.22314800000,baseflow,0.00900000000,7.30000000000,14.70000000000,261.60000000000,14.60000000000,-9999.00000000000,-9999.00000000000,1.00000000000,-9999,43.70000000000,3141.00000000000,-21.74000000000,28.40000000000,-14.67000000000,0.00208000000,0.00000180000,0.00028000000,0.00027900000,88.00000000000,-0.55000000000,7.10000000000,7.80000000000,9:10
-94.223148,36.446014,2012/09/20,BS01,cave,summer,36.44601400000,-94.22314800000,baseflow,0.01200000000,8.10000000000,14.60000000000,240.20000000000,14.60000000000,-9999.00000000000,-9999.00000000000,1.00000000000,-9999,37.60000000000,2767.00000000000,-22.02000000000,22.00000000000,-14.56000000000,0.00179000000,0.00000930000,0.00003700000,0.00003700000,97.00000000000,0.12000000000,7.50000000000,8.80000000000,13:20
-94.223148,36.446014,2012/10/03,BS01,cave,fall,36.44601400000,-94.22314800000,baseflow,0.00900000000,8.40000000000,14.50000000000,268.50000000000,14.70000000000,-9999.00000000000,-9999.00000000000,14.00000000000,E,56.40000000000,706.00000000000,-10.49000000000,26.10000000000,-13.59000000000,0.00213000000,0.00002440000,0.00002000000,0.00002000000,98.00000000000,0.73000000000,-3.10000000000,8.90000000000,9:30
-94.223148,36.446014,2012/10/26,BS01,cave,fall,36.44601400000,-94.22314800000,baseflow,0.01000000000,8.30000000000,14.30000000000,220.90000000000,14.10000000000,-9999.00000000000,-9999.00000000000,4.00000000000,-9999,37.90000000000,462.00000000000,-10.07000000000,24.30000000000,-15.09000000000,0.00198000000,0.00001770000,0.00002400000,0.00002400000,98.00000000000,0.40000000000,-5.00000000000,9.00000000000,8:05
-94.223148,36.446014,2012/11/08,BS01,cave,fall,36.44601400000,-94.22314800000,baseflow,0.01000000000,8.30000000000,14.20000000000,247.10000000000,14.30000000000,-9999.00000000000,-9999.00000000000,1.00000000000,-9999,43.80000000000,532.00000000000,-11.05000000000,27.20000000000,-14.75000000000,0.00222000000,0.00002110000,0.00002600000,0.00002600000,98.00000000000,0.53000000000,-3.70000000000,9.00000000000,14:30
-94.223148,36.446014,2012/11/08,BS01,cave,fall,36.44601400000,-94.22314800000,baseflow,0.01000000000,-9999.00000000000,-9999.00000000000,-9999.00000000000,-9999.00000000000,-9999.00000000000,-9999.00000000000,-9999.00000000000,-9999,-9999.00000000000,-9999.00000000000,-9999.00000000000,27.40000000000,-14.85000000000,-9999.00000000000,-9999.00000000000,-9999.00000000000,-9999.00000000000,-9999.00000000000,-9999.00000000000,-9999.00000000000,-9999.00000000000,14:30
-94.223148,36.446014,2012/11/11,BS01,cave,fall,36.44601400000,-94.22314800000,baseflow,0.00900000000,8.40000000000,14.30000000000,265.20000000000,14.30000000000,-9999.00000000000,-9999.00000000000,3.00000000000,-9999,42.50000000000,-9999.00000000000,-9999.00000000000,27.30000000000,-14.92000000000,0.00223000000,0.00002720000,0.00002000000,0.00002000000,98.00000000000,0.63000000000,-9999.00000000000,-9999.00000000000,12:10
-94.223148,36.446014,2012/11/12,BS01,cave,fall,36.44601400000,-94.22314800000,baseflow,0.01200000000,8.40000000000,14.00000000000,269.30000000000,13.50000000000,-9999.00000000000,-9999.00000000000,1.00000000000,-9999,43.20000000000,-9999.00000000000,-9999.00000000000,27.80000000000,-15.12000000000,0.00227000000,0.00002270000,0.00002500000,0.00002500000,98.00000000000,0.56000000000,-9999.00000000000,-9999.00000000000,8:30
-94.223148,36.446014,2012/11/14,BS01,cave,fall,36.44601400000,-94.22314800000,baseflow,0.00900000000,8.40000000000,14.10000000000,264.50000000000,14.00000000000,-9999.00000000000,-9999.00000000000,2.00000000000,-9999,40.80000000000,-9999.00000000000,-9999.00000000000,27.40000000000,-14.85000000000,0.00224000000,0.00002250000,0.00002400000,0.00002400000,98.00000000000,0.53000000000,-9999.00000000000,-9999.00000000000,13:25
-94.223148,36.446014,2012/11/16,BS01,cave,fall,36.44601400000,-94.22314800000,baseflow,0.00800000000,8.40000000000,13.70000000000,269.40000000000,13.40000000000,-9999.00000000000,-9999.00000000000,1.00000000000,-9999,42.20000000000,552.00000000000,-12.42000000000,27.30000000000,-14.73000000000,0.00223000000,0.00002220000,0.00002400000,0.00002400000,98.00000000000,0.54000000000,-2.30000000000,9.00000000000,8:50
-94.223148,36.446014,2012/11/30,BS01,cave,fall,36.44601400000,-94.22314800000,baseflow,0.00900000000,8.20000000000,14.00000000000,255.50000000000,13.90000000000,-9999.00000000000,-9999.00000000000,4.00000000000,-9999,43.70000000000,526.00000000000,-11.21000000000,27.70000000000,-14.43000000000,0.00226000000,0.00001610000,0.00003400000,0.00003400000,98.00000000000,0.41000000000,-3.20000000000,9.00000000000,13:00
-94.223148,36.446014,2012/12/05,BS01,cave,fall,36.44601400000,-94.22314800000,baseflow,0.03700000000,8.00000000000,14.50000000000,250.30000000000,14.60000000000,-9999.00000000000,-9999.00000000000,2.00000000000,-9999,39.00000000000,-9999.00000000000,-9999.00000000000,25.20000000000,-15.52000000000,0.00204000000,0.00001020000,0.00004500000,0.00004500000,97.00000000000,0.17000000000,-9999.00000000000,-9999.00000000000,10:50
-94.223148,36.446014,2012/12/07,BS01,cave,fall,36.44601400000,-94.22314800000,baseflow,0.01300000000,8.00000000000,14.40000000000,252.50000000000,14.40000000000,-9999.00000000000,-9999.00000000000,33.00000000000,E,83.20000000000,-9999.00000000000,-9999.00000000000,24.00000000000,-15.18000000000,0.00195000000,0.00000950000,0.00004300000,0.00004300000,97.00000000000,0.49000000000,-9999.00000000000,-9999.00000000000,9:40
-94.223148,36.446014,2012/12/10,BS01,cave,fall,36.44601400000,-94.22314800000,baseflow,0.01000000000,8.20000000000,13.80000000000,241.50000000000,13.40000000000,-9999.00000000000,-9999.00000000000,1.00000000000,-9999,36.40000000000,-9999.00000000000,-9999.00000000000,21.60000000000,-14.98000000000,0.00176000000,0.00001200000,0.00002800000,0.00002800000,98.00000000000,0.22000000000,-9999.00000000000,-9999.00000000000,11:30
-94.223148,36.446014,2012/12/14,BS01,cave,fall,36.44601400000,-94.22314800000,baseflow,0.00900000000,8.30000000000,13.80000000000,243.90000000000,13.80000000000,-9999.00000000000,-9999.00000000000,1.00000000000,-9999,37.70000000000,484.00000000000,-9999.00000000000,22.80000000000,-14.47000000000,0.00186000000,0.00001680000,0.00002200000,0.00002200000,98.00000000000,0.38000000000,-9999.00000000000,-9999.00000000000,12:15
-94.223148,36.446014,2013/01/28,BS01,cave,winter,36.44601400000,-94.22314800000,baseflow,0.01000000000,8.20000000000,14.00000000000,243.90000000000,14.10000000000,-9999.00000000000,-9999.00000000000,2.00000000000,-9999,41.40000000000,-9999.00000000000,-9999.00000000000,24.50000000000,-14.02000000000,0.00200000000,0.00001300000,0.00003300000,0.00003300000,98.00000000000,0.30000000000,-9999.00000000000,-9999.00000000000,13:50
-94.223148,36.446014,2013/01/29,BS01,cave,winter,36.44601400000,-94.22314800000,baseflow,0.01000000000,8.20000000000,14.00000000000,259.10000000000,14.20000000000,-9999.00000000000,-9999.00000000000,2.00000000000,-9999,41.40000000000,-9999.00000000000,-9999.00000000000,24.70000000000,-14.16000000000,0.00201000000,0.00001280000,0.00003400000,0.00003400000,98.00000000000,0.29000000000,-9999.00000000000,-9999.00000000000,16:10
-94.223148,36.446014,2013/01/29,BS01,cave,winter,36.44601400000,-94.22314800000,storm,0.16000000000,7.90000000000,14.50000000000,235.90000000000,14.70000000000,-9999.00000000000,-9999.00000000000,3.00000000000,-9999,38.90000000000,-9999.00000000000,-9999.00000000000,22.30000000000,-14.55000000000,0.00180000000,0.00000640000,0.00005600000,0.00005600000,97.00000000000,-0.03000000000,-9999.00000000000,-9999.00000000000,21:00
-94.223148,36.446014,2013/01/30,BS01,cave,winter,36.44601400000,-94.22314800000,storm,0.24000000000,-9999.00000000000,-9999.00000000000,-9999.00000000000,-9999.00000000000,7.50000000000,14.40000000000,0.00000000000,-9999,24.70000000000,-9999.00000000000,-9999.00000000000,14.40000000000,-14.99000000000,0.00112000000,0.00000160000,0.00008300000,0.00008300000,93.00000000000,-0.78000000000,-9999.00000000000,-9999.00000000000,7:30
-94.223148,36.446014,2013/01/30,BS01,cave,winter,36.44601400000,-94.22314800000,storm,0.23400000000,7.50000000000,14.40000000000,175.00000000000,14.40000000000,-9999.00000000000,-9999.00000000000,-9999.00000000000,-9999,-9999.00000000000,-9999.00000000000,-9999.00000000000,-9999.00000000000,-9999.00000000000,-9999.00000000000,-9999.00000000000,-9999.00000000000,-9999.00000000000,-9999.00000000000,-9999.00000000000,-9999.00000000000,-9999.00000000000,8:00
-94.223148,36.446014,2013/01/30,BS01,cave,winter,36.44601400000,-94.22314800000,storm,0.23200000000,-9999.00000000000,-9999.00000000000,-9999.00000000000,-9999.00000000000,7.50000000000,14.40000000000,-9999.00000000000,-9999,-9999.00000000000,-9999.00000000000,-9999.00000000000,-9999.00000000000,-9999.00000000000,-9999.00000000000,-9999.00000000000,-9999.00000000000,-9999.00000000000,-9999.00000000000,-9999.00000000000,-9999.00000000000,-9999.00000000000,8:10
-94.223148,36.446014,2013/01/30,BS01,cave,winter,36.44601400000,-94.22314800000,storm,0.18800000000,-9999.00000000000,-9999.00000000000,-9999.00000000000,-9999.00000000000,7.80000000000,14.30000000000,1.00000000000,-9999,27.90000000000,-9999.00000000000,-9999.00000000000,16.60000000000,-14.84000000000,0.00132000000,0.00000330000,0.00005800000,0.00005800000,96.00000000000,-0.44000000000,-9999.00000000000,-9999.00000000000,13:00
-94.223148,36.446014,2013/01/30,BS01,cave,winter,36.44601400000,-94.22314800000,storm,0.18700000000,7.80000000000,14.40000000000,190.80000000000,14.20000000000,-9999.00000000000,-9999.00000000000,-9999.00000000000,-9999,-9999.00000000000,-9999.00000000000,-9999.00000000000,-9999.00000000000,-9999.00000000000,-9999.00000000000,-9999.00000000000,-9999.00000000000,-9999.00000000000,-9999.00000000000,-9999.00000000000,-9999.00000000000,-9999.00000000000,13:15
-94.223148,36.446014,2013/01/31,BS01,cave,winter,36.44601400000,-94.22314800000,storm,0.12500000000,7.40000000000,14.40000000000,193.50000000000,14.50000000000,-9999.00000000000,-9999.00000000000,2.00000000000,-9999,23.50000000000,-9999.00000000000,-9999.00000000000,12.70000000000,-16.58000000000,0.00095000000,0.00000090000,0.00010500000,0.00010500000,90.00000000000,-1.04000000000,-9999.00000000000,-9999.00000000000,9:10
-94.223148,36.446014,2013/01/31,BS01,cave,winter,36.44601400000,-94.22314800000,storm,0.11900000000,-9999.00000000000,-9999.00000000000,-9999.00000000000,-9999.00000000000,7.40000000000,14.50000000000,-9999.00000000000,-9999,-9999.00000000000,-9999.00000000000,-9999.00000000000,-9999.00000000000,-9999.00000000000,-9999.00000000000,-9999.00000000000,-9999.00000000000,-9999.00000000000,-9999.00000000000,-9999.00000000000,-9999.00000000000,-9999.00000000000,9:40
-94.223148,36.446014,2013/02/01,BS01,cave,winter,36.44601400000,-94.22314800000,storm,0.05300000000,7.70000000000,14.20000000000,175.00000000000,14.10000000000,-9999.00000000000,-9999.00000000000,0.00000000000,-9999,22.70000000000,-9999.00000000000,-9999.00000000000,12.60000000000,-15.82000000000,0.00099000000,0.00000200000,0.00005400000,0.00005400000,95.00000000000,-0.73000000000,-9999.00000000000,-9999.00000000000,14:00
-94.223148,36.446014,2013/02/02,BS01,cave,winter,36.44601400000,-94.22314800000,storm,0.02800000000,7.70000000000,14.10000000000,174.50000000000,14.20000000000,-9999.00000000000,-9999.00000000000,1.00000000000,-9999,24.10000000000,-9999.00000000000,-9999.00000000000,13.10000000000,-14.96000000000,0.00104000000,0.00000240000,0.00004800000,0.00004800000,95.00000000000,-0.62000000000,-9999.00000000000,-9999.00000000000,11:30
-94.223148,36.446014,2013/02/03,BS01,cave,winter,36.44601400000,-94.22314800000,baseflow,0.01800000000,7.80000000000,14.00000000000,177.70000000000,14.10000000000,-9999.00000000000,-9999.00000000000,1.00000000000,-9999,25.50000000000,-9999.00000000000,-9999.00000000000,14.20000000000,-14.86000000000,0.00114000000,0.00000340000,0.00004100000,0.00004100000,96.00000000000,-0.45000000000,-9999.00000000000,-9999.00000000000,11:00
-94.223148,36.446014,2013/02/08,BS01,cave,winter,36.44601400000,-94.22314800000,baseflow,0.01200000000,8.00000000000,13.90000000000,205.50000000000,13.90000000000,-9999.00000000000,-9999.00000000000,1.00000000000,-9999,30.90000000000,519.00000000000,-10.92000000000,17.80000000000,-14.02000000000,0.00144000000,0.00000630000,0.00003500000,0.00003500000,97.00000000000,-0.12000000000,-3.10000000000,8.90000000000,13:50
-94.223148,36.446014,2013/03/06,BS01,cave,winter,36.44601400000,-94.22314800000,baseflow,0.01300000000,8.20000000000,13.60000000000,213.40000000000,13.60000000000,-9999.00000000000,-9999.00000000000,1.00000000000,-9999,32.90000000000,493.00000000000,-20.81000000000,19.20000000000,-14.19000000000,0.00157000000,0.00001180000,0.00002200000,0.00002200000,98.00000000000,0.18000000000,6.60000000000,9.00000000000,11:55
-94.223148,36.446014,2013/04/06,BS01,cave,spring,36.44601400000,-94.22314800000,storm,0.03400000000,8.50000000000,14.20000000000,167.90000000000,-9999.00000000000,-9999.00000000000,-9999.00000000000,3.00000000000,-9999,25.00000000000,469.00000000000,-8.06000000000,14.30000000000,-15.14000000000,0.00117000000,0.00001420000,0.00001000000,0.00001000000,98.00000000000,0.16000000000,-7.10000000000,9.00000000000,9:45
-94.223148,36.446014,2013/04/17,BS01,cave,spring,36.44601400000,-94.22314800000,baseflow,0.02400000000,8.10000000000,14.30000000000,176.10000000000,14.20000000000,-9999.00000000000,-9999.00000000000,3.00000000000,-9999,27.60000000000,-9999.00000000000,-9999.00000000000,15.30000000000,-12.62000000000,0.00124000000,0.00000640000,0.00002600000,0.00002600000,97.00000000000,-0.15000000000,-9999.00000000000,-9999.00000000000,15:15
-94.223148,36.446014,2013/04/18,BS01,cave,spring,36.44601400000,-94.22314800000,storm,1.85700000000,7.70000000000,14.20000000000,79.00000000000,13.90000000000,-9999.00000000000,-9999.00000000000,2.00000000000,-9999,11.30000000000,-9999.00000000000,-9999.00000000000,6.30000000000,-13.40000000000,0.00050000000,0.00000090000,0.00002800000,0.00002800000,95.00000000000,-1.31000000000,-9999.00000000000,-9999.00000000000,7:40
-94.223148,36.446014,2013/04/18,BS01,cave,spring,36.44601400000,-94.22314800000,storm,1.56500000000,7.60000000000,13.50000000000,86.20000000000,13.50000000000,-9999.00000000000,-9999.00000000000,4.00000000000,-9999,12.90000000000,-9999.00000000000,-9999.00000000000,7.10000000000,-13.67000000000,0.00056000000,0.00000100000,0.00003400000,0.00003400000,94.00000000000,-1.26000000000,-9999.00000000000,-9999.00000000000,10:15
-94.223148,36.446014,2013/04/18,BS01,cave,spring,36.44601400000,-94.22314800000,storm,1.38800000000,8.00000000000,13.70000000000,105.20000000000,13.80000000000,-9999.00000000000,-9999.00000000000,2.00000000000,-9999,15.80000000000,-9999.00000000000,-9999.00000000000,9.00000000000,-14.12000000000,0.00073000000,0.00000310000,0.00001800000,0.00001800000,97.00000000000,-0.67000000000,-9999.00000000000,-9999.00000000000,12:30
-94.223148,36.446014,2013/04/18,BS01,cave,spring,36.44601400000,-94.22314800000,storm,1.24700000000,7.50000000000,14.20000000000,92.10000000000,13.90000000000,-9999.00000000000,-9999.00000000000,0.00000000000,-9999,13.10000000000,-9999.00000000000,-9999.00000000000,7.70000000000,-14.61000000000,0.00059000000,0.00000070000,0.00005300000,0.00005300000,92.00000000000,-1.39000000000,-9999.00000000000,-9999.00000000000,16:00
-94.223148,36.446014,2013/04/19,BS01,cave,spring,36.44601400000,-94.22314800000,storm,0.65400000000,-9999.00000000000,-9999.00000000000,-9999.00000000000,-9999.00000000000,7.60000000000,14.40000000000,1.00000000000,-9999,14.20000000000,-9999.00000000000,-9999.00000000000,8.80000000000,-14.63000000000,0.00069000000,0.00000110000,0.00004300000,0.00004300000,94.00000000000,-1.14000000000,-9999.00000000000,-9999.00000000000,7:30
-94.223148,36.446014,2013/04/19,BS01,cave,spring,36.44601400000,-94.22314800000,storm,0.52400000000,-9999.00000000000,-9999.00000000000,-9999.00000000000,-9999.00000000000,7.50000000000,14.90000000000,1.00000000000,-9999,14.70000000000,-9999.00000000000,-9999.00000000000,9.30000000000,-14.67000000000,0.00071000000,0.00000090000,0.00006300000,0.00006300000,92.00000000000,-1.25000000000,-9999.00000000000,-9999.00000000000,12:45
-94.223148,36.446014,2013/04/19,BS01,cave,spring,36.44601400000,-94.22314800000,storm,0.40000000000,7.50000000000,15.00000000000,93.00000000000,14.30000000000,-9999.00000000000,-9999.00000000000,0.00000000000,-9999,15.60000000000,-9999.00000000000,-9999.00000000000,9.40000000000,-14.18000000000,0.00072000000,0.00000090000,0.00006000000,0.00006000000,92.00000000000,-1.19000000000,-9999.00000000000,-9999.00000000000,18:45
-94.223148,36.446014,2013/04/20,BS01,cave,spring,36.44601400000,-94.22314800000,storm,0.24900000000,7.70000000000,14.50000000000,115.00000000000,14.50000000000,-9999.00000000000,-9999.00000000000,1.00000000000,-9999,16.80000000000,-9999.00000000000,-9999.00000000000,9.80000000000,-13.72000000000,0.00077000000,0.00000150000,0.00004200000,0.00004200000,95.00000000000,-0.96000000000,-9999.00000000000,-9999.00000000000,8:40
-94.223148,36.446014,2013/04/22,BS01,cave,spring,36.44601400000,-94.22314800000,baseflow,0.06600000000,7.70000000000,15.60000000000,116.90000000000,14.40000000000,-9999.00000000000,-9999.00000000000,1.00000000000,-9999,20.70000000000,-9999.00000000000,-9999.00000000000,12.20000000000,-12.92000000000,0.00096000000,0.00000210000,0.00004800000,0.00004800000,95.00000000000,-0.74000000000,-9999.00000000000,-9999.00000000000,11:40
-94.223148,36.446014,2013/04/22,BS01,cave,spring,36.44601400000,-94.22314800000,baseflow,0.06600000000,7.70000000000,15.60000000000,116.90000000000,14.40000000000,-9999.00000000000,-9999.00000000000,1.00000000000,-9999,20.50000000000,-9999.00000000000,-9999.00000000000,12.20000000000,-13.08000000000,0.00097000000,0.00000210000,0.00004800000,0.00004800000,95.00000000000,-0.74000000000,-9999.00000000000,-9999.00000000000,11:40
-94.223148,36.446014,2013/04/24,BS01,cave,spring,36.44601400000,-94.22314800000,baseflow,0.03200000000,8.00000000000,14.40000000000,133.20000000000,14.20000000000,-9999.00000000000,-9999.00000000000,0.00000000000,-9999,24.40000000000,-9999.00000000000,-9999.00000000000,13.80000000000,-12.32000000000,0.00112000000,0.00000520000,0.00002600000,0.00002600000,97.00000000000,-0.28000000000,-9999.00000000000,-9999.00000000000,12:20
-94.223148,36.446014,2013/04/28,BS01,cave,spring,36.44601400000,-94.22314800000,storm,0.15300000000,7.60000000000,14.50000000000,139.40000000000,14.40000000000,-9999.00000000000,-9999.00000000000,7.00000000000,-9999,22.80000000000,-9999.00000000000,-9999.00000000000,12.10000000000,-13.68000000000,0.00095000000,0.00000160000,0.00005900000,0.00005900000,-9999.00000000000,-0.80000000000,-9999.00000000000,-9999.00000000000,8:15
-94.223148,36.446014,2013/05/01,BS01,cave,spring,36.44601400000,-94.22314800000,storm,0.04100000000,7.50000000000,14.30000000000,155.40000000000,14.30000000000,-9999.00000000000,-9999.00000000000,1.00000000000,-9999,23.20000000000,1446.00000000000,-20.05000000000,13.80000000000,-13.04000000000,0.00107000000,0.00000150000,0.00008400000,0.00008300000,93.00000000000,-0.85000000000,7.00000000000,8.30000000000,18:05
-94.224223,36.446872,2011/07/06,BS03,cave,summer,36.44687200000,-94.22422300000,baseflow,0.01000000000,7.50000000000,14.60000000000,-9999.00000000000,14.70000000000,-9999.00000000000,-9999.00000000000,-9999.00000000000,-9999,-9999.00000000000,2690.00000000000,-21.65000000000,25.30000000000,-14.93000000000,-9999.00000000000,-9999.00000000000,-9999.00000000000,-9999.00000000000,-9999.00000000000,-9999.00000000000,-9999.00000000000,-9999.00000000000,10:15
-94.224223,36.446872,2011/07/21,BS03,cave,summer,36.44687200000,-94.22422300000,baseflow,0.00700000000,7.60000000000,14.70000000000,-9999.00000000000,14.70000000000,-9999.00000000000,-9999.00000000000,-9999.00000000000,-9999,-9999.00000000000,2505.00000000000,-21.34000000000,26.40000000000,-14.63000000000,-9999.00000000000,-9999.00000000000,-9999.00000000000,-9999.00000000000,-9999.00000000000,-9999.00000000000,-9999.00000000000,-9999.00000000000,10:15
-94.224223,36.446872,2011/10/05,BS03,cave,fall,36.44687200000,-94.22422300000,baseflow,0.00700000000,7.30000000000,14.60000000000,239.30000000000,14.60000000000,-9999.00000000000,-9999.00000000000,-9999.00000000000,-9999,38.50000000000,661.00000000000,-9999.00000000000,24.40000000000,-14.30000000000,-9999.00000000000,-9999.00000000000,-9999.00000000000,-9999.00000000000,-9999.00000000000,-9999.00000000000,-9999.00000000000,-9999.00000000000,10:20
-94.224223,36.446872,2012/03/16,BS03,cave,winter,36.44687200000,-94.22422300000,baseflow,0.00700000000,7.90000000000,14.60000000000,221.80000000000,14.60000000000,-9999.00000000000,-9999.00000000000,11.00000000000,E,35.90000000000,1052.00000000000,-16.66000000000,22.70000000000,-13.61000000000,0.00182000000,0.00000580000,0.00006200000,0.00006200000,96.00000000000,-0.09000000000,3.10000000000,8.70000000000,10:50
-94.224223,36.446872,2012/04/06,BS03,cave,spring,36.44687200000,-94.22422300000,baseflow,0.01400000000,7.80000000000,14.50000000000,215.00000000000,14.50000000000,-9999.00000000000,-9999.00000000000,4.00000000000,-9999,30.50000000000,624.00000000000,-14.60000000000,22.10000000000,-13.95000000000,0.00177000000,0.00000460000,0.00007300000,0.00007300000,96.00000000000,-0.25000000000,0.70000000000,8.60000000000,9:15
-94.224223,36.446872,2012/04/18,BS03,cave,spring,36.44687200000,-94.22422300000,baseflow,0.01300000000,7.90000000000,14.60000000000,239.80000000000,14.60000000000,-9999.00000000000,-9999.00000000000,2.00000000000,-9999,38.30000000000,1060.00000000000,-17.31000000000,25.00000000000,-14.13000000000,0.00202000000,0.00000730000,0.00006100000,0.00006100000,97.00000000000,0.02000000000,3.20000000000,8.70000000000,16:10
-94.224223,36.446872,2012/05/04,BS03,cave,spring,36.44687200000,-94.22422300000,baseflow,0.01400000000,7.60000000000,14.60000000000,238.90000000000,14.60000000000,-9999.00000000000,-9999.00000000000,1.00000000000,-9999,37.30000000000,2312.00000000000,-21.25000000000,25.20000000000,-13.81000000000,0.00197000000,0.00000350000,0.00012200000,0.00012200000,94.00000000000,-0.30000000000,7.40000000000,8.40000000000,9:00
-94.224223,36.446872,2012/05/14,BS03,cave,spring,36.44687200000,-94.22422300000,baseflow,0.01000000000,7.70000000000,14.60000000000,242.40000000000,14.60000000000,-9999.00000000000,-9999.00000000000,4.00000000000,-9999,41.80000000000,2435.00000000000,-19.59000000000,25.10000000000,-13.31000000000,0.00198000000,0.00000410000,0.00010600000,0.00010600000,95.00000000000,-0.20000000000,6.30000000000,8.50000000000,16:30
-94.224223,36.446872,2012/06/26,BS03,cave,summer,36.44687200000,-94.22422300000,baseflow,0.01000000000,7.60000000000,14.60000000000,260.70000000000,14.60000000000,-9999.00000000000,-9999.00000000000,21.00000000000,E,68.00000000000,-9999.00000000000,-9999.00000000000,28.30000000000,-13.50000000000,0.00221000000,0.00000380000,0.00014100000,0.00014100000,94.00000000000,0.00000000000,-9999.00000000000,-9999.00000000000,14:15
-94.224223,36.446872,2012/07/23,BS03,cave,summer,36.44687200000,-94.22422300000,baseflow,0.00900000000,7.90000000000,14.60000000000,263.00000000000,14.70000000000,-9999.00000000000,-9999.00000000000,1.00000000000,-9999,45.20000000000,-9999.00000000000,-9999.00000000000,27.80000000000,-13.29000000000,0.00224000000,0.00000810000,0.00006900000,0.00006900000,97.00000000000,0.12000000000,-9999.00000000000,-9999.00000000000,13:30
-94.224223,36.446872,2012/08/10,BS03,cave,summer,36.44687200000,-94.22422300000,baseflow,0.00800000000,8.00000000000,14.70000000000,264.90000000000,14.80000000000,-9999.00000000000,-9999.00000000000,4.00000000000,-9999,45.50000000000,2336.00000000000,-21.36000000000,28.40000000000,-12.77000000000,0.00230000000,0.00000950000,0.00006100000,0.00006100000,97.00000000000,0.20000000000,8.60000000000,8.80000000000,14:45
-94.224223,36.446872,2012/08/22,BS03,cave,summer,36.44687200000,-94.22422300000,baseflow,0.00900000000,7.50000000000,14.60000000000,273.80000000000,14.60000000000,-9999.00000000000,-9999.00000000000,1.00000000000,-9999,45.70000000000,2736.00000000000,-20.25000000000,28.30000000000,-13.82000000000,0.00219000000,0.00000320000,0.00016500000,0.00016500000,93.00000000000,-0.27000000000,6.40000000000,8.30000000000,12:00
-94.224223,36.446872,2012/09/07,BS03,cave,summer,36.44687200000,-94.22422300000,baseflow,0.00900000000,7.30000000000,14.70000000000,261.60000000000,14.60000000000,-9999.00000000000,-9999.00000000000,0.00000000000,-9999,45.30000000000,2966.00000000000,-22.39000000000,27.70000000000,-14.60000000000,0.00207000000,0.00000210000,0.00023600000,0.00023600000,90.00000000000,-0.47000000000,7.80000000000,8.00000000000,10:10
-94.224223,36.446872,2012/09/20,BS03,cave,summer,36.44687200000,-94.22422300000,baseflow,0.01100000000,7.60000000000,15.10000000000,239.80000000000,14.70000000000,-9999.00000000000,-9999.00000000000,1.00000000000,-9999,37.20000000000,2800.00000000000,-22.33000000000,21.80000000000,-14.73000000000,0.00171000000,0.00000300000,0.00010800000,0.00010700000,94.00000000000,-0.37000000000,7.60000000000,8.40000000000,14:30
-94.224223,36.446872,2012/10/03,BS03,cave,fall,36.44687200000,-94.22422300000,baseflow,0.00900000000,7.80000000000,14.60000000000,271.30000000000,14.70000000000,-9999.00000000000,-9999.00000000000,17.00000000000,E,63.30000000000,724.00000000000,-14.96000000000,26.80000000000,-14.29000000000,0.00214000000,0.00000620000,0.00008000000,0.00008000000,96.00000000000,0.19000000000,0.70000000000,8.70000000000,10:30
-94.224223,36.446872,2012/10/26,BS03,cave,fall,36.44687200000,-94.22422300000,baseflow,0.01000000000,8.00000000000,14.40000000000,242.90000000000,14.60000000000,-9999.00000000000,-9999.00000000000,0.00000000000,-9999,37.80000000000,577.00000000000,-14.79000000000,24.00000000000,-16.23000000000,0.00194000000,0.00000820000,0.00005000000,0.00005000000,97.00000000000,0.07000000000,-1.40000000000,8.80000000000,8:55
-94.224223,36.446872,2012/11/08,BS03,cave,fall,36.44687200000,-94.22422300000,baseflow,0.01000000000,8.20000000000,14.60000000000,262.80000000000,14.60000000000,-9999.00000000000,-9999.00000000000,1.00000000000,-9999,45.70000000000,561.00000000000,-14.47000000000,27.60000000000,-15.27000000000,0.00225000000,0.00001640000,0.00003400000,0.00003400000,98.00000000000,0.44000000000,-0.80000000000,8.90000000000,15:05
-94.224223,36.446872,2012/11/16,BS03,cave,fall,36.44687200000,-94.22422300000,baseflow,0.00800000000,8.30000000000,14.30000000000,269.60000000000,14.40000000000,-9999.00000000000,-9999.00000000000,1.00000000000,-9999,42.80000000000,594.00000000000,-12.37000000000,26.70000000000,-15.13000000000,0.00218000000,0.00002070000,0.00002500000,0.00002500000,98.00000000000,0.51000000000,-2.80000000000,8.90000000000,9:30
-94.224223,36.446872,2012/11/30,BS03,cave,fall,36.44687200000,-94.22422300000,baseflow,0.00900000000,8.20000000000,14.40000000000,256.00000000000,14.50000000000,-9999.00000000000,-9999.00000000000,2.00000000000,-9999,42.40000000000,581.00000000000,-16.59000000000,27.80000000000,-14.73000000000,0.00227000000,0.00001530000,0.00003700000,0.00003700000,98.00000000000,0.38000000000,1.90000000000,8.90000000000,13:30
-94.224223,36.446872,2012/12/14,BS03,cave,fall,36.44687200000,-94.22422300000,baseflow,0.00900000000,8.10000000000,14.30000000000,245.50000000000,14.40000000000,-9999.00000000000,-9999.00000000000,0.00000000000,-9999,37.10000000000,550.00000000000,-9999.00000000000,23.00000000000,-14.90000000000,0.00187000000,0.00001110000,0.00003400000,0.00003400000,98.00000000000,0.19000000000,-9999.00000000000,-9999.00000000000,12:40
-94.224223,36.446872,2013/02/08,BS03,cave,winter,36.44687200000,-94.22422300000,baseflow,0.01200000000,7.80000000000,14.30000000000,206.50000000000,14.30000000000,-9999.00000000000,-9999.00000000000,1.00000000000,-9999,30.60000000000,578.00000000000,-11.82000000000,17.90000000000,-14.90000000000,0.00143000000,0.00000410000,0.00005400000,0.00005400000,96.00000000000,-0.30000000000,-3.10000000000,8.70000000000,14:30
-94.224223,36.446872,2013/03/06,BS03,cave,winter,36.44687200000,-94.22422300000,baseflow,0.01300000000,8.40000000000,14.10000000000,214.40000000000,14.30000000000,-9999.00000000000,-9999.00000000000,0.00000000000,-9999,33.10000000000,496.00000000000,-15.45000000000,19.40000000000,-14.56000000000,0.00158000000,0.00001640000,0.00001600000,0.00001600000,98.00000000000,0.32000000000,0.90000000000,9.00000000000,12:35
-94.224223,36.446872,2013/04/06,BS03,cave,spring,36.44687200000,-94.22422300000,storm,0.03400000000,7.70000000000,15.20000000000,168.50000000000,14.30000000000,-9999.00000000000,-9999.00000000000,3.00000000000,-9999,24.80000000000,545.00000000000,-13.50000000000,14.80000000000,-15.69000000000,0.00117000000,0.00000240000,0.00006300000,0.00006300000,95.00000000000,-0.62000000000,-2.20000000000,8.50000000000,10:35
-94.224223,36.446872,2013/05/01,BS03,cave,spring,36.44687200000,-94.22422300000,storm,0.04100000000,7.40000000000,14.30000000000,155.60000000000,14.30000000000,-9999.00000000000,-9999.00000000000,1.00000000000,-9999,23.40000000000,1402.00000000000,-16.50000000000,14.80000000000,-13.68000000000,0.00111000000,0.00000120000,0.00011500000,0.00011500000,91.00000000000,-0.94000000000,2.80000000000,8.10000000000,18:45
-94.222514,36.449534,2011/06/22,BS06,cave,summer,36.44953400000,-94.22251400000,baseflow,0.01200000000,7.80000000000,14.40000000000,-9999.00000000000,14.40000000000,-9999.00000000000,-9999.00000000000,-9999.00000000000,-9999,-9999.00000000000,2500.00000000000,-23.42000000000,22.10000000000,-13.95000000000,-9999.00000000000,-9999.00000000000,-9999.00000000000,-9999.00000000000,-9999.00000000000,-9999.00000000000,-9999.00000000000,-9999.00000000000,11:35
-94.222514,36.449534,2011/07/06,BS06,cave,summer,36.44953400000,-94.22251400000,baseflow,0.01000000000,7.40000000000,14.40000000000,-9999.00000000000,14.40000000000,-9999.00000000000,-9999.00000000000,-9999.00000000000,-9999,-9999.00000000000,2480.00000000000,-22.63000000000,23.80000000000,-14.78000000000,-9999.00000000000,-9999.00000000000,-9999.00000000000,-9999.00000000000,-9999.00000000000,-9999.00000000000,-9999.00000000000,-9999.00000000000,11:30
-94.222514,36.449534,2011/07/21,BS06,cave,summer,36.44953400000,-94.22251400000,baseflow,0.00700000000,7.80000000000,14.40000000000,-9999.00000000000,14.40000000000,-9999.00000000000,-9999.00000000000,-9999.00000000000,-9999,-9999.00000000000,2043.00000000000,-20.48000000000,24.90000000000,-14.42000000000,-9999.00000000000,-9999.00000000000,-9999.00000000000,-9999.00000000000,-9999.00000000000,-9999.00000000000,-9999.00000000000,-9999.00000000000,11:30
-94.222514,36.449534,2011/10/05,BS06,cave,fall,36.44953400000,-94.22251400000,baseflow,0.00700000000,7.80000000000,14.40000000000,201.90000000000,14.50000000000,-9999.00000000000,-9999.00000000000,-9999.00000000000,-9999,37.20000000000,940.00000000000,-9999.00000000000,23.60000000000,-10.49000000000,-9999.00000000000,-9999.00000000000,-9999.00000000000,-9999.00000000000,-9999.00000000000,-9999.00000000000,-9999.00000000000,-9999.00000000000,11:45
-94.222514,36.449534,2012/03/16,BS06,cave,winter,36.44953400000,-94.22251400000,baseflow,0.00700000000,7.90000000000,14.40000000000,138.60000000000,14.50000000000,-9999.00000000000,-9999.00000000000,16.00000000000,E,25.40000000000,1064.00000000000,-15.41000000000,20.70000000000,-9.14000000000,0.00167000000,0.00000640000,0.00004700000,0.00004700000,-9999.00000000000,-0.18000000000,6.30000000000,8.80000000000,11:30
-94.222514,36.449534,2012/04/06,BS06,cave,spring,36.44953400000,-94.22251400000,baseflow,0.01300000000,8.50000000000,14.50000000000,157.60000000000,14.40000000000,-9999.00000000000,-9999.00000000000,2.00000000000,-9999,26.00000000000,786.00000000000,-15.61000000000,23.10000000000,-9.17000000000,0.00188000000,0.00002840000,0.00001300000,0.00001300000,98.00000000000,0.48000000000,6.40000000000,9.00000000000,10:00
-94.222514,36.449534,2012/04/18,BS06,cave,spring,36.44953400000,-94.22251400000,baseflow,0.01300000000,8.20000000000,14.60000000000,183.70000000000,14.40000000000,-9999.00000000000,-9999.00000000000,2.00000000000,-9999,32.60000000000,1207.00000000000,-19.01000000000,26.50000000000,-10.47000000000,0.00216000000,0.00001560000,0.00003200000,0.00003200000,98.00000000000,0.30000000000,8.50000000000,8.90000000000,17:00
-94.222514,36.449534,2012/05/04,BS06,cave,spring,36.44953400000,-94.22251400000,baseflow,0.01300000000,7.70000000000,14.50000000000,184.00000000000,14.50000000000,-9999.00000000000,-9999.00000000000,3.00000000000,-9999,33.40000000000,2221.00000000000,-18.20000000000,26.70000000000,-12.70000000000,0.00210000000,0.00000420000,0.00011400000,0.00011400000,95.00000000000,-0.26000000000,5.50000000000,8.50000000000,9:48
-94.222514,36.449534,2012/05/14,BS06,cave,spring,36.44953400000,-94.22251400000,baseflow,0.01000000000,7.70000000000,14.40000000000,199.20000000000,14.50000000000,-9999.00000000000,-9999.00000000000,1.00000000000,-9999,37.10000000000,2395.00000000000,-21.93000000000,23.70000000000,-13.19000000000,0.00188000000,0.00000440000,0.00008900000,0.00008900000,95.00000000000,-0.21000000000,8.70000000000,8.60000000000,17:10
-94.222514,36.449534,2012/06/26,BS06,cave,summer,36.44953400000,-94.22251400000,baseflow,0.01000000000,7.90000000000,14.60000000000,213.10000000000,14.60000000000,-9999.00000000000,-9999.00000000000,25.00000000000,E,66.10000000000,-9999.00000000000,-9999.00000000000,25.40000000000,-12.88000000000,0.00205000000,0.00000780000,0.00005800000,0.00005800000,97.00000000000,0.30000000000,-9999.00000000000,-9999.00000000000,15:10
-94.222514,36.449534,2012/07/23,BS06,cave,summer,36.44953400000,-94.22251400000,baseflow,0.00800000000,8.60000000000,14.60000000000,211.10000000000,14.50000000000,-9999.00000000000,-9999.00000000000,3.00000000000,-9999,39.70000000000,-9999.00000000000,-9999.00000000000,24.80000000000,-11.99000000000,0.00202000000,0.00003400000,0.00001300000,0.00001300000,98.00000000000,0.70000000000,-9999.00000000000,-9999.00000000000,14:15
-94.222514,36.449534,2012/08/10,BS06,cave,summer,36.44953400000,-94.22251400000,baseflow,0.00800000000,8.60000000000,14.60000000000,212.40000000000,-9999.00000000000,-9999.00000000000,-9999.00000000000,2.00000000000,-9999,39.90000000000,1964.00000000000,-20.37000000000,25.00000000000,-12.18000000000,0.00203000000,0.00003270000,0.00001400000,0.00001400000,98.00000000000,0.69000000000,8.20000000000,9.00000000000,15:45
-94.222514,36.449534,2012/08/22,BS06,cave,summer,36.44953400000,-94.22251400000,baseflow,0.00900000000,8.40000000000,14.50000000000,217.60000000000,14.50000000000,-9999.00000000000,-9999.00000000000,6.00000000000,-9999,40.80000000000,2252.00000000000,-17.72000000000,24.20000000000,-13.63000000000,0.00197000000,0.00002100000,0.00002000000,0.00002000000,91.00000000000,0.51000000000,4.10000000000,8.90000000000,13:00
-94.222514,36.449534,2012/09/07,BS06,cave,summer,36.44953400000,-94.22251400000,baseflow,0.00900000000,7.80000000000,14.60000000000,209.80000000000,14.50000000000,-9999.00000000000,-9999.00000000000,2.00000000000,-9999,39.40000000000,2555.00000000000,-21.34000000000,25.10000000000,-14.23000000000,0.00201000000,0.00000570000,0.00007800000,0.00007800000,96.00000000000,-0.08000000000,7.10000000000,8.70000000000,11:05
-94.222514,36.449534,2012/09/20,BS06,cave,summer,36.44953400000,-94.22251400000,baseflow,0.01100000000,8.10000000000,14.50000000000,207.60000000000,14.60000000000,-9999.00000000000,-9999.00000000000,0.00000000000,-9999,37.40000000000,2589.00000000000,-22.05000000000,22.80000000000,-13.88000000000,0.00185000000,0.00000980000,0.00003800000,0.00003800000,97.00000000000,0.15000000000,8.20000000000,8.80000000000,15:50
-94.222514,36.449534,2012/10/03,BS06,cave,fall,36.44953400000,-94.22251400000,baseflow,0.00900000000,8.20000000000,14.60000000000,215.90000000000,14.50000000000,-9999.00000000000,-9999.00000000000,13.00000000000,E,49.80000000000,1222.00000000000,-13.63000000000,23.90000000000,-11.69000000000,0.00195000000,0.00001440000,0.00002800000,0.00002800000,98.00000000000,0.45000000000,1.90000000000,8.90000000000,11:15
-94.222514,36.449534,2012/10/26,BS06,cave,fall,36.44953400000,-94.22251400000,baseflow,0.01000000000,8.50000000000,14.50000000000,203.40000000000,14.50000000000,-9999.00000000000,-9999.00000000000,1.00000000000,-9999,36.80000000000,658.00000000000,-16.42000000000,24.00000000000,-12.05000000000,0.00196000000,0.00002540000,0.00001600000,0.00001600000,98.00000000000,0.55000000000,4.40000000000,9.00000000000,9:45
-94.222514,36.449534,2012/11/08,BS06,cave,fall,36.44953400000,-94.22251400000,baseflow,0.01000000000,8.60000000000,14.60000000000,208.90000000000,14.60000000000,-9999.00000000000,-9999.00000000000,1.00000000000,-9999,38.20000000000,728.00000000000,-16.82000000000,24.90000000000,-9.47000000000,0.00203000000,0.00003640000,0.00001200000,0.00001200000,98.00000000000,0.72000000000,7.30000000000,9.00000000000,16:00
-94.222514,36.449534,2012/11/16,BS06,cave,fall,36.44953400000,-94.22251400000,baseflow,0.00800000000,8.50000000000,14.40000000000,204.20000000000,14.50000000000,-9999.00000000000,-9999.00000000000,3.00000000000,-9999,38.80000000000,682.00000000000,-13.38000000000,23.30000000000,-9.43000000000,0.00190000000,0.00002770000,0.00001400000,0.00001400000,98.00000000000,0.61000000000,4.00000000000,9.00000000000,10:30
-94.222514,36.449534,2012/11/30,BS06,cave,fall,36.44953400000,-94.22251400000,baseflow,0.00900000000,8.40000000000,14.50000000000,190.60000000000,14.60000000000,-9999.00000000000,-9999.00000000000,1.00000000000,-9999,38.50000000000,680.00000000000,-11.55000000000,24.10000000000,-8.78000000000,0.00196000000,0.00002440000,0.00001700000,0.00001700000,98.00000000000,0.55000000000,2.80000000000,8.90000000000,14:15
-94.222514,36.449534,2012/12/14,BS06,cave,fall,36.44953400000,-94.22251400000,baseflow,0.00900000000,8.60000000000,14.50000000000,184.60000000000,14.50000000000,-9999.00000000000,-9999.00000000000,0.00000000000,-9999,33.30000000000,600.00000000000,-14.60000000000,21.30000000000,-8.75000000000,0.00173000000,0.00003210000,0.00001000000,0.00001000000,98.00000000000,0.62000000000,5.90000000000,9.00000000000,13:15
-94.222514,36.449534,2013/02/08,BS06,cave,winter,36.44953400000,-94.22251400000,baseflow,0.01200000000,8.00000000000,14.50000000000,156.30000000000,14.50000000000,-9999.00000000000,-9999.00000000000,0.00000000000,-9999,27.40000000000,588.00000000000,-10.64000000000,17.40000000000,-8.87000000000,0.00141000000,0.00000660000,0.00003200000,0.00003200000,97.00000000000,-0.14000000000,1.80000000000,8.80000000000,15:10
-94.222514,36.449534,2013/03/06,BS06,cave,winter,36.44953400000,-94.22251400000,baseflow,0.01200000000,8.40000000000,14.40000000000,137.10000000000,14.60000000000,-9999.00000000000,-9999.00000000000,2.00000000000,-9999,24.80000000000,538.00000000000,-11.24000000000,15.10000000000,-8.35000000000,0.00123000000,0.00001250000,0.00001300000,0.00001300000,98.00000000000,0.10000000000,2.90000000000,8.90000000000,13:15
-94.222514,36.449534,2013/04/06,BS06,cave,spring,36.44953400000,-94.22251400000,storm,0.03300000000,8.80000000000,15.50000000000,107.20000000000,14.40000000000,-9999.00000000000,-9999.00000000000,4.00000000000,-9999,18.90000000000,662.00000000000,-13.09000000000,11.20000000000,-10.74000000000,0.00090000000,0.00002390000,0.00000400000,0.00000400000,97.00000000000,0.29000000000,2.40000000000,8.90000000000,11:35
-94.222514,36.449534,2013/05/01,BS06,cave,spring,36.44953400000,-94.22251400000,storm,0.03900000000,7.90000000000,14.30000000000,115.90000000000,14.30000000000,-9999.00000000000,-9999.00000000000,1.00000000000,-9999,20.10000000000,1376.00000000000,-19.26000000000,12.30000000000,-11.63000000000,0.00099000000,0.00000330000,0.00003200000,0.00003200000,97.00000000000,-0.56000000000,7.60000000000,8.80000000000,19:30
-94.22037,36.450391,2011/06/22,BS07,cave,summer,36.45039100000,-94.22037000000,baseflow,0.01200000000,7.50000000000,14.70000000000,-9999.00000000000,14.70000000000,-9999.00000000000,-9999.00000000000,-9999.00000000000,-9999,-9999.00000000000,3140.00000000000,-9999.00000000000,25.60000000000,-14.55000000000,-9999.00000000000,-9999.00000000000,-9999.00000000000,-9999.00000000000,-9999.00000000000,-9999.00000000000,-9999.00000000000,-9999.00000000000,12:20
-94.22037,36.450391,2011/07/06,BS07,cave,summer,36.45039100000,-94.22037000000,baseflow,0.01000000000,7.60000000000,14.70000000000,-9999.00000000000,14.70000000000,-9999.00000000000,-9999.00000000000,-9999.00000000000,-9999,-9999.00000000000,2900.00000000000,-22.99000000000,26.90000000000,-14.64000000000,-9999.00000000000,-9999.00000000000,-9999.00000000000,-9999.00000000000,-9999.00000000000,-9999.00000000000,-9999.00000000000,-9999.00000000000,12:10
-94.22037,36.450391,2011/07/21,BS07,cave,summer,36.45039100000,-94.22037000000,baseflow,0.00700000000,7.50000000000,14.70000000000,-9999.00000000000,14.60000000000,-9999.00000000000,-9999.00000000000,-9999.00000000000,-9999,-9999.00000000000,2820.00000000000,-21.95000000000,27.50000000000,-14.56000000000,-9999.00000000000,-9999.00000000000,-9999.00000000000,-9999.00000000000,-9999.00000000000,-9999.00000000000,-9999.00000000000,-9999.00000000000,12:15
-94.22037,36.450391,2011/10/05,BS07,cave,fall,36.45039100000,-94.22037000000,baseflow,0.00700000000,7.10000000000,14.60000000000,253.90000000000,14.60000000000,-9999.00000000000,-9999.00000000000,-9999.00000000000,-9999,41.70000000000,1676.00000000000,-9999.00000000000,27.10000000000,-14.16000000000,-9999.00000000000,-9999.00000000000,-9999.00000000000,-9999.00000000000,-9999.00000000000,-9999.00000000000,-9999.00000000000,-9999.00000000000,12:20
-94.22037,36.450391,2012/03/16,BS07,cave,winter,36.45039100000,-94.22037000000,baseflow,0.00700000000,7.90000000000,14.60000000000,235.40000000000,14.60000000000,-9999.00000000000,-9999.00000000000,17.00000000000,E,37.80000000000,1432.00000000000,-18.67000000000,31.00000000000,-12.96000000000,0.00250000000,0.00000970000,0.00007100000,0.00007100000,-9999.00000000000,0.14000000000,5.70000000000,8.80000000000,11:55
-94.22037,36.450391,2012/04/06,BS07,cave,spring,36.45039100000,-94.22037000000,baseflow,0.01400000000,7.70000000000,14.50000000000,233.90000000000,14.50000000000,-9999.00000000000,-9999.00000000000,2.00000000000,-9999,34.90000000000,840.00000000000,-14.72000000000,32.70000000000,-13.33000000000,0.00258000000,0.00000520000,0.00014000000,0.00013900000,95.00000000000,-0.15000000000,1.40000000000,8.50000000000,10:40
-94.22037,36.450391,2012/04/18,BS07,cave,spring,36.45039100000,-94.22037000000,baseflow,0.01300000000,7.60000000000,14.60000000000,255.40000000000,14.60000000000,-9999.00000000000,-9999.00000000000,0.00000000000,-9999,41.60000000000,2380.00000000000,-26.45000000000,36.10000000000,-13.59000000000,0.00284000000,0.00000550000,0.00016300000,0.00016300000,94.00000000000,-0.07000000000,12.90000000000,8.50000000000,17:50
-94.22037,36.450391,2012/05/04,BS07,cave,spring,36.45039100000,-94.22037000000,baseflow,0.01400000000,7.70000000000,14.60000000000,252.20000000000,14.60000000000,-9999.00000000000,-9999.00000000000,1.00000000000,-9999,39.10000000000,2715.00000000000,-22.38000000000,28.20000000000,-14.49000000000,0.00222000000,0.00000460000,0.00012000000,0.00011900000,95.00000000000,-0.17000000000,7.90000000000,8.50000000000,10:30
-94.22037,36.450391,2012/05/14,BS07,cave,spring,36.45039100000,-94.22037000000,baseflow,0.01000000000,7.60000000000,14.60000000000,256.10000000000,14.60000000000,-9999.00000000000,-9999.00000000000,2.00000000000,-9999,44.90000000000,2840.00000000000,-23.00000000000,27.70000000000,-13.55000000000,0.00218000000,0.00000430000,0.00012200000,0.00012200000,95.00000000000,-0.15000000000,9.40000000000,8.50000000000,17:45
-94.22037,36.450391,2012/06/26,BS07,cave,summer,36.45039100000,-94.22037000000,baseflow,0.01000000000,7.70000000000,14.60000000000,272.70000000000,14.70000000000,-9999.00000000000,-9999.00000000000,25.00000000000,E,80.40000000000,-9999.00000000000,-9999.00000000000,29.80000000000,-13.62000000000,0.00237000000,0.00000560000,0.00010900000,0.00010900000,95.00000000000,0.24000000000,-9999.00000000000,-9999.00000000000,15:40
-94.22037,36.450391,2012/07/23,BS07,cave,summer,36.45039100000,-94.22037000000,baseflow,0.00900000000,7.90000000000,14.70000000000,277.10000000000,14.60000000000,-9999.00000000000,-9999.00000000000,3.00000000000,-9999,49.10000000000,-9999.00000000000,-9999.00000000000,29.70000000000,-13.29000000000,0.00239000000,0.00000910000,0.00007000000,0.00007000000,97.00000000000,0.20000000000,-9999.00000000000,-9999.00000000000,14:40
-94.22037,36.450391,2012/08/10,BS07,cave,summer,36.45039100000,-94.22037000000,baseflow,0.00800000000,8.20000000000,14.60000000000,279.50000000000,14.70000000000,-9999.00000000000,-9999.00000000000,2.00000000000,-9999,48.50000000000,2377.00000000000,-21.63000000000,30.00000000000,-13.65000000000,0.00244000000,0.00001680000,0.00003900000,0.00003900000,98.00000000000,0.47000000000,8.00000000000,8.90000000000,16:14
-94.22037,36.450391,2012/08/22,BS07,cave,summer,36.45039100000,-94.22037000000,baseflow,0.00900000000,8.00000000000,14.60000000000,288.10000000000,14.60000000000,-9999.00000000000,-9999.00000000000,0.00000000000,-9999,45.50000000000,2850.00000000000,-21.72000000000,30.60000000000,-14.61000000000,0.00248000000,0.00001070000,0.00006300000,0.00006300000,97.00000000000,0.25000000000,7.10000000000,8.80000000000,13:50
-94.22037,36.450391,2012/09/07,BS07,cave,summer,36.45039100000,-94.22037000000,baseflow,0.00900000000,7.70000000000,14.70000000000,272.50000000000,14.70000000000,-9999.00000000000,-9999.00000000000,2.00000000000,-9999,46.00000000000,3172.00000000000,-22.53000000000,29.90000000000,-14.85000000000,0.00238000000,0.00000580000,0.00010800000,0.00010700000,95.00000000000,-0.01000000000,7.70000000000,8.60000000000,11:50
-94.22037,36.450391,2012/09/20,BS07,cave,summer,36.45039100000,-94.22037000000,baseflow,0.01100000000,7.40000000000,14.60000000000,253.30000000000,14.80000000000,-9999.00000000000,-9999.00000000000,0.00000000000,-9999,39.30000000000,3448.00000000000,-22.62000000000,23.60000000000,-14.98000000000,0.00179000000,0.00000210000,0.00017100000,0.00017100000,91.00000000000,-0.51000000000,7.60000000000,8.10000000000,17:00
-94.22037,36.450391,2012/10/03,BS07,cave,fall,36.45039100000,-94.22037000000,baseflow,0.01000000000,7.70000000000,14.60000000000,285.00000000000,14.70000000000,-9999.00000000000,-9999.00000000000,26.00000000000,E,67.70000000000,1950.00000000000,-20.17000000000,28.90000000000,-14.36000000000,0.00228000000,0.00000470000,0.00012100000,0.00012100000,95.00000000000,0.10000000000,5.80000000000,8.50000000000,12:00
-94.22037,36.450391,2012/10/26,BS07,cave,fall,36.45039100000,-94.22037000000,baseflow,0.01000000000,7.80000000000,14.60000000000,262.80000000000,14.70000000000,-9999.00000000000,-9999.00000000000,1.00000000000,-9999,42.00000000000,685.00000000000,-12.79000000000,27.60000000000,-16.14000000000,0.00221000000,0.00000710000,0.00007700000,0.00007600000,96.00000000000,0.04000000000,-3.30000000000,8.70000000000,10:30
-94.22037,36.450391,2012/11/08,BS07,cave,fall,36.45039100000,-94.22037000000,baseflow,0.00900000000,8.10000000000,14.60000000000,232.10000000000,14.70000000000,-9999.00000000000,-9999.00000000000,1.00000000000,-9999,46.90000000000,916.00000000000,-18.31000000000,30.90000000000,-16.07000000000,0.00251000000,0.00001500000,0.00004600000,0.00004600000,98.00000000000,0.41000000000,2.20000000000,8.80000000000,16:40
-94.22037,36.450391,2012/11/16,BS07,cave,fall,36.45039100000,-94.22037000000,baseflow,0.00900000000,8.10000000000,14.60000000000,286.70000000000,14.70000000000,-9999.00000000000,-9999.00000000000,0.00000000000,-9999,46.30000000000,690.00000000000,-16.18000000000,30.50000000000,-15.44000000000,0.00248000000,0.00001590000,0.00004300000,0.00004300000,98.00000000000,0.43000000000,0.70000000000,8.90000000000,11:00
-94.22037,36.450391,2012/11/30,BS07,cave,fall,36.45039100000,-94.22037000000,baseflow,0.00900000000,8.10000000000,14.60000000000,270.80000000000,14.70000000000,-9999.00000000000,-9999.00000000000,0.00000000000,-9999,46.00000000000,891.00000000000,-14.06000000000,30.00000000000,-15.57000000000,0.00244000000,0.00001270000,0.00005200000,0.00005200000,97.00000000000,0.33000000000,-1.50000000000,8.80000000000,15:00
-94.22037,36.450391,2012/12/14,BS07,cave,fall,36.45039100000,-94.22037000000,baseflow,0.00900000000,8.10000000000,14.70000000000,260.40000000000,14.80000000000,-9999.00000000000,-9999.00000000000,3.00000000000,-9999,39.30000000000,577.00000000000,-12.71000000000,25.50000000000,-15.61000000000,0.00207000000,0.00001160000,0.00004000000,0.00004000000,98.00000000000,0.24000000000,-2.90000000000,8.80000000000,13:45
-94.22037,36.450391,2013/02/08,BS07,cave,winter,36.45039100000,-94.22037000000,baseflow,0.01200000000,8.00000000000,14.60000000000,222.50000000000,14.60000000000,-9999.00000000000,-9999.00000000000,0.00000000000,-9999,35.40000000000,555.00000000000,-13.83000000000,21.40000000000,-15.06000000000,0.00173000000,0.00000690000,0.00004700000,0.00004700000,97.00000000000,-0.02000000000,-1.20000000000,8.80000000000,15:45
-94.22037,36.450391,2013/03/06,BS07,cave,winter,36.45039100000,-94.22037000000,baseflow,0.01300000000,8.40000000000,14.50000000000,230.70000000000,14.60000000000,-9999.00000000000,-9999.00000000000,1.00000000000,-9999,35.60000000000,576.00000000000,-13.62000000000,21.70000000000,-15.01000000000,0.00177000000,0.00001820000,0.00001900000,0.00001900000,98.00000000000,0.40000000000,-1.40000000000,8.90000000000,14:10
-94.22037,36.450391,2013/04/06,BS07,cave,spring,36.45039100000,-94.22037000000,storm,0.03400000000,7.70000000000,15.60000000000,182.90000000000,14.30000000000,-9999.00000000000,-9999.00000000000,4.00000000000,-9999,27.30000000000,729.00000000000,-15.84000000000,17.20000000000,-16.41000000000,0.00136000000,0.00000280000,0.00007000000,0.00007000000,95.00000000000,-0.50000000000,-0.60000000000,8.50000000000,12:20
-94.22037,36.450391,2013/05/01,BS07,cave,spring,36.45039100000,-94.22037000000,storm,0.03900000000,7.40000000000,14.30000000000,168.90000000000,14.30000000000,-9999.00000000000,-9999.00000000000,1.00000000000,-9999,25.30000000000,1736.00000000000,-21.37000000000,16.80000000000,-14.26000000000,0.00127000000,0.00000140000,0.00012800000,0.00012700000,91.00000000000,-0.84000000000,7.10000000000,8.10000000000,20:00
-94.224548,36.447518,2012/03/05,L1,soil,winter,36.44751800000,-94.22454800000,baseflow,0.00500000000,-9999.00000000000,-9999.00000000000,-9999.00000000000,-9999.00000000000,-9999.00000000000,-9999.00000000000,-9999.00000000000,-9999,-9999.00000000000,1130.00000000000,-18.95000000000,0.60000000000,-19.56000000000,-9999.00000000000,-9999.00000000000,-9999.00000000000,-9999.00000000000,-9999.00000000000,-9999.00000000000,-0.60000000000,-9999.00000000000,10:40
-94.224548,36.447518,2012/03/19,L1,soil,winter,36.44751800000,-94.22454800000,baseflow,0.00700000000,6.70000000000,26.30000000000,-9999.00000000000,-9999.00000000000,-9999.00000000000,-9999.00000000000,-9999.00000000000,-9999,-9999.00000000000,1785.00000000000,-18.79000000000,0.90000000000,-21.70000000000,-9999.00000000000,-9999.00000000000,-9999.00000000000,-9999.00000000000,-9999.00000000000,-9999.00000000000,-2.90000000000,-9999.00000000000,9:30
-94.224548,36.447518,2012/03/30,L1,soil,spring,36.44751800000,-94.22454800000,baseflow,0.01200000000,6.70000000000,23.00000000000,-9999.00000000000,-9999.00000000000,-9999.00000000000,-9999.00000000000,-9999.00000000000,-9999,-9999.00000000000,3540.00000000000,-23.64000000000,2.00000000000,-20.93000000000,-9999.00000000000,-9999.00000000000,-9999.00000000000,-9999.00000000000,-9999.00000000000,-9999.00000000000,2.70000000000,-9999.00000000000,8:50
-94.224548,36.447518,2012/04/11,L1,soil,spring,36.44751800000,-94.22454800000,baseflow,0.01200000000,-9999.00000000000,-9999.00000000000,-9999.00000000000,-9999.00000000000,-9999.00000000000,-9999.00000000000,-9999.00000000000,-9999,-9999.00000000000,3360.00000000000,-23.37000000000,-9999.00000000000,-9999.00000000000,-9999.00000000000,-9999.00000000000,-9999.00000000000,-9999.00000000000,-9999.00000000000,-9999.00000000000,-9999.00000000000,-9999.00000000000,11:50
-94.224548,36.447518,2012/04/23,L1,soil,spring,36.44751800000,-94.22454800000,baseflow,0.01100000000,-9999.00000000000,-9999.00000000000,-9999.00000000000,-9999.00000000000,-9999.00000000000,-9999.00000000000,-9999.00000000000,-9999,-9999.00000000000,2188.00000000000,-21.80000000000,-9999.00000000000,-9999.00000000000,-9999.00000000000,-9999.00000000000,-9999.00000000000,-9999.00000000000,-9999.00000000000,-9999.00000000000,-9999.00000000000,-9999.00000000000,7:50
-94.224548,36.447518,2012/05/09,L1,soil,spring,36.44751800000,-94.22454800000,baseflow,0.01000000000,-9999.00000000000,-9999.00000000000,-9999.00000000000,-9999.00000000000,-9999.00000000000,-9999.00000000000,-9999.00000000000,-9999,-9999.00000000000,5825.00000000000,-22.07000000000,4.00000000000,-19.54000000000,-9999.00000000000,-9999.00000000000,-9999.00000000000,-9999.00000000000,-9999.00000000000,-9999.00000000000,2.50000000000,-9999.00000000000,8:15
-94.224548,36.447518,2012/05/24,L1,soil,spring,36.44751800000,-94.22454800000,baseflow,0.01100000000,-9999.00000000000,-9999.00000000000,-9999.00000000000,-9999.00000000000,-9999.00000000000,-9999.00000000000,-9999.00000000000,-9999,-9999.00000000000,2340.00000000000,-18.84000000000,-9999.00000000000,-9999.00000000000,-9999.00000000000,-9999.00000000000,-9999.00000000000,-9999.00000000000,-9999.00000000000,-9999.00000000000,-9999.00000000000,-9999.00000000000,11:30
-94.224548,36.447518,2012/08/16,L1,soil,summer,36.44751800000,-94.22454800000,baseflow,0.01000000000,-9999.00000000000,-9999.00000000000,-9999.00000000000,-9999.00000000000,-9999.00000000000,-9999.00000000000,-9999.00000000000,-9999,-9999.00000000000,2694.00000000000,-22.64000000000,-9999.00000000000,-9999.00000000000,-9999.00000000000,-9999.00000000000,-9999.00000000000,-9999.00000000000,-9999.00000000000,-9999.00000000000,-9999.00000000000,-9999.00000000000,9:40
-94.224548,36.447518,2012/08/29,L1,soil,summer,36.44751800000,-94.22454800000,baseflow,0.00800000000,-9999.00000000000,-9999.00000000000,-9999.00000000000,-9999.00000000000,-9999.00000000000,-9999.00000000000,-9999.00000000000,-9999,-9999.00000000000,2615.00000000000,-20.86000000000,-9999.00000000000,-9999.00000000000,-9999.00000000000,-9999.00000000000,-9999.00000000000,-9999.00000000000,-9999.00000000000,-9999.00000000000,-9999.00000000000,-9999.00000000000,9:55
-94.224548,36.447518,2012/09/12,L1,soil,summer,36.44751800000,-94.22454800000,baseflow,0.00900000000,-9999.00000000000,-9999.00000000000,-9999.00000000000,-9999.00000000000,-9999.00000000000,-9999.00000000000,-9999.00000000000,-9999,-9999.00000000000,3127.00000000000,-19.90000000000,-9999.00000000000,-9999.00000000000,-9999.00000000000,-9999.00000000000,-9999.00000000000,-9999.00000000000,-9999.00000000000,-9999.00000000000,-9999.00000000000,-9999.00000000000,13:55
-94.224548,36.447518,2012/09/17,L1,soil,summer,36.44751800000,-94.22454800000,storm,0.01500000000,-9999.00000000000,-9999.00000000000,-9999.00000000000,-9999.00000000000,-9999.00000000000,-9999.00000000000,-9999.00000000000,-9999,-9999.00000000000,3080.00000000000,-23.84000000000,-9999.00000000000,-9999.00000000000,-9999.00000000000,-9999.00000000000,-9999.00000000000,-9999.00000000000,-9999.00000000000,-9999.00000000000,-9999.00000000000,-9999.00000000000,13:55
-94.224548,36.447518,2012/10/01,L1,soil,fall,36.44751800000,-94.22454800000,baseflow,0.00900000000,-9999.00000000000,-9999.00000000000,-9999.00000000000,-9999.00000000000,-9999.00000000000,-9999.00000000000,-9999.00000000000,-9999,-9999.00000000000,3050.00000000000,-23.44000000000,-9999.00000000000,-9999.00000000000,-9999.00000000000,-9999.00000000000,-9999.00000000000,-9999.00000000000,-9999.00000000000,-9999.00000000000,-9999.00000000000,-9999.00000000000,8:30
-94.224548,36.447518,2012/10/08,L1,soil,fall,36.44751800000,-94.22454800000,baseflow,0.00900000000,-9999.00000000000,-9999.00000000000,-9999.00000000000,-9999.00000000000,-9999.00000000000,-9999.00000000000,-9999.00000000000,-9999,-9999.00000000000,1144.00000000000,-19.62000000000,-9999.00000000000,-9999.00000000000,-9999.00000000000,-9999.00000000000,-9999.00000000000,-9999.00000000000,-9999.00000000000,-9999.00000000000,-9999.00000000000,-9999.00000000000,9:40
-94.224548,36.447518,2012/10/19,L1,soil,fall,36.44751800000,-94.22454800000,baseflow,0.01300000000,-9999.00000000000,-9999.00000000000,-9999.00000000000,-9999.00000000000,-9999.00000000000,-9999.00000000000,-9999.00000000000,-9999,-9999.00000000000,2914.00000000000,-23.70000000000,-9999.00000000000,-9999.00000000000,-9999.00000000000,-9999.00000000000,-9999.00000000000,-9999.00000000000,-9999.00000000000,-9999.00000000000,-9999.00000000000,-9999.00000000000,9:30
-94.224548,36.447518,2012/10/31,L1,soil,fall,36.44751800000,-94.22454800000,baseflow,0.00900000000,-9999.00000000000,-9999.00000000000,-9999.00000000000,-9999.00000000000,-9999.00000000000,-9999.00000000000,-9999.00000000000,-9999,-9999.00000000000,1383.00000000000,-18.83000000000,-9999.00000000000,-9999.00000000000,-9999.00000000000,-9999.00000000000,-9999.00000000000,-9999.00000000000,-9999.00000000000,-9999.00000000000,-9999.00000000000,-9999.00000000000,9:10
-94.224548,36.447518,2012/11/14,L1,soil,fall,36.44751800000,-94.22454800000,baseflow,0.00900000000,-9999.00000000000,-9999.00000000000,-9999.00000000000,-9999.00000000000,-9999.00000000000,-9999.00000000000,-9999.00000000000,-9999,-9999.00000000000,1145.00000000000,-9999.00000000000,-9999.00000000000,-9999.00000000000,-9999.00000000000,-9999.00000000000,-9999.00000000000,-9999.00000000000,-9999.00000000000,-9999.00000000000,-9999.00000000000,-9999.00000000000,11:50
-94.224548,36.447518,2012/12/05,L1,soil,fall,36.44751800000,-94.22454800000,storm,0.03600000000,-9999.00000000000,-9999.00000000000,-9999.00000000000,-9999.00000000000,-9999.00000000000,-9999.00000000000,-9999.00000000000,-9999,13.60000000000,951.00000000000,-17.35000000000,-9999.00000000000,-9999.00000000000,-9999.00000000000,-9999.00000000000,-9999.00000000000,-9999.00000000000,-9999.00000000000,-9999.00000000000,-9999.00000000000,-9999.00000000000,9:45
-94.224548,36.447518,2012/12/10,L1,soil,fall,36.44751800000,-94.22454800000,baseflow,0.01000000000,-9999.00000000000,-9999.00000000000,-9999.00000000000,-9999.00000000000,-9999.00000000000,-9999.00000000000,-9999.00000000000,-9999,14.70000000000,527.00000000000,-20.25000000000,-9999.00000000000,-9999.00000000000,-9999.00000000000,-9999.00000000000,-9999.00000000000,-9999.00000000000,-9999.00000000000,-9999.00000000000,-9999.00000000000,-9999.00000000000,10:20
-94.224548,36.447518,2012/12/17,L1,soil,fall,36.44751800000,-94.22454800000,baseflow,0.00900000000,-9999.00000000000,-9999.00000000000,-9999.00000000000,-9999.00000000000,-9999.00000000000,-9999.00000000000,-9999.00000000000,-9999,15.20000000000,517.00000000000,-20.96000000000,-9999.00000000000,-9999.00000000000,-9999.00000000000,-9999.00000000000,-9999.00000000000,-9999.00000000000,-9999.00000000000,-9999.00000000000,-9999.00000000000,-9999.00000000000,10:25
-94.224548,36.447518,2013/01/28,L1,soil,winter,36.44751800000,-94.22454800000,baseflow,0.00900000000,-9999.00000000000,-9999.00000000000,-9999.00000000000,-9999.00000000000,-9999.00000000000,-9999.00000000000,-9999.00000000000,-9999,16.80000000000,1127.00000000000,-16.99000000000,-9999.00000000000,-9999.00000000000,-9999.00000000000,-9999.00000000000,-9999.00000000000,-9999.00000000000,-9999.00000000000,-9999.00000000000,-9999.00000000000,-9999.00000000000,13:00
-94.224548,36.447518,2013/03/01,L1,soil,winter,36.44751800000,-94.22454800000,baseflow,0.01000000000,-9999.00000000000,-9999.00000000000,-9999.00000000000,-9999.00000000000,-9999.00000000000,-9999.00000000000,-9999.00000000000,-9999,-9999.00000000000,530.00000000000,-18.08000000000,2.50000000000,-13.37000000000,-9999.00000000000,-9999.00000000000,-9999.00000000000,-9999.00000000000,-9999.00000000000,-9999.00000000000,4.70000000000,-9999.00000000000,12:30
-94.224548,36.447518,2013/03/27,L1,soil,spring,36.44751800000,-94.22454800000,storm,0.01800000000,-9999.00000000000,-9999.00000000000,-9999.00000000000,-9999.00000000000,-9999.00000000000,-9999.00000000000,-9999.00000000000,-9999,12.20000000000,804.00000000000,-17.77000000000,2.60000000000,-14.22000000000,-9999.00000000000,-9999.00000000000,-9999.00000000000,-9999.00000000000,-9999.00000000000,-9999.00000000000,3.50000000000,-9999.00000000000,11:20
-94.224548,36.447518,2013/05/06,L1,soil,spring,36.44751800000,-94.22454800000,storm,0.04000000000,-9999.00000000000,-9999.00000000000,-9999.00000000000,-9999.00000000000,-9999.00000000000,-9999.00000000000,-9999.00000000000,-9999,10.60000000000,2541.00000000000,-23.93000000000,4.80000000000,-16.66000000000,-9999.00000000000,-9999.00000000000,-9999.00000000000,-9999.00000000000,-9999.00000000000,-9999.00000000000,7.30000000000,-9999.00000000000,9:55
-94.222921,36.449581,2012/03/05,L2,soil,winter,36.44958100000,-94.22292100000,baseflow,0.00500000000,-9999.00000000000,-9999.00000000000,-9999.00000000000,-9999.00000000000,-9999.00000000000,-9999.00000000000,-9999.00000000000,-9999,-9999.00000000000,1477.00000000000,-22.85000000000,1.70000000000,-17.90000000000,-9999.00000000000,-9999.00000000000,-9999.00000000000,-9999.00000000000,-9999.00000000000,-9999.00000000000,5.00000000000,-9999.00000000000,11:30
-94.222921,36.449581,2012/03/19,L2,soil,winter,36.44958100000,-94.22292100000,baseflow,0.00600000000,7.30000000000,19.40000000000,-9999.00000000000,-9999.00000000000,-9999.00000000000,-9999.00000000000,-9999.00000000000,-9999,-9999.00000000000,1917.00000000000,-22.09000000000,1.10000000000,-19.59000000000,-9999.00000000000,-9999.00000000000,-9999.00000000000,-9999.00000000000,-9999.00000000000,-9999.00000000000,2.50000000000,-9999.00000000000,10:20
-94.222921,36.449581,2012/03/30,L2,soil,spring,36.44958100000,-94.22292100000,baseflow,0.01200000000,6.90000000000,23.00000000000,-9999.00000000000,-9999.00000000000,-9999.00000000000,-9999.00000000000,-9999.00000000000,-9999,-9999.00000000000,4260.00000000000,-24.16000000000,2.20000000000,-19.50000000000,-9999.00000000000,-9999.00000000000,-9999.00000000000,-9999.00000000000,-9999.00000000000,-9999.00000000000,4.70000000000,-9999.00000000000,10:00
-94.222921,36.449581,2012/04/11,L2,soil,spring,36.44958100000,-94.22292100000,baseflow,0.01200000000,-9999.00000000000,-9999.00000000000,-9999.00000000000,-9999.00000000000,-9999.00000000000,-9999.00000000000,-9999.00000000000,-9999,-9999.00000000000,4600.00000000000,-24.09000000000,2.50000000000,-20.21000000000,-9999.00000000000,-9999.00000000000,-9999.00000000000,-9999.00000000000,-9999.00000000000,-9999.00000000000,3.90000000000,-9999.00000000000,12:50
-94.222921,36.449581,2012/04/23,L2,soil,spring,36.44958100000,-94.22292100000,baseflow,0.01100000000,-9999.00000000000,-9999.00000000000,-9999.00000000000,-9999.00000000000,-9999.00000000000,-9999.00000000000,-9999.00000000000,-9999,-9999.00000000000,4560.00000000000,-19.25000000000,2.50000000000,-20.74000000000,-9999.00000000000,-9999.00000000000,-9999.00000000000,-9999.00000000000,-9999.00000000000,-9999.00000000000,-1.50000000000,-9999.00000000000,9:00
-94.222921,36.449581,2012/05/09,L2,soil,spring,36.44958100000,-94.22292100000,baseflow,0.01100000000,-9999.00000000000,-9999.00000000000,-9999.00000000000,-9999.00000000000,-9999.00000000000,-9999.00000000000,-9999.00000000000,-9999,-9999.00000000000,4600.00000000000,-22.49000000000,2.70000000000,-19.51000000000,-9999.00000000000,-9999.00000000000,-9999.00000000000,-9999.00000000000,-9999.00000000000,-9999.00000000000,3.00000000000,-9999.00000000000,9:40
-94.222921,36.449581,2012/05/24,L2,soil,spring,36.44958100000,-94.22292100000,baseflow,0.01100000000,-9999.00000000000,-9999.00000000000,-9999.00000000000,-9999.00000000000,-9999.00000000000,-9999.00000000000,-9999.00000000000,-9999,-9999.00000000000,3587.00000000000,-23.98000000000,-9999.00000000000,-9999.00000000000,-9999.00000000000,-9999.00000000000,-9999.00000000000,-9999.00000000000,-9999.00000000000,-9999.00000000000,-9999.00000000000,-9999.00000000000,12:50
-94.222921,36.449581,2012/08/16,L2,soil,summer,36.44958100000,-94.22292100000,baseflow,0.00900000000,-9999.00000000000,-9999.00000000000,-9999.00000000000,-9999.00000000000,-9999.00000000000,-9999.00000000000,-9999.00000000000,-9999,-9999.00000000000,4590.00000000000,-21.45000000000,-9999.00000000000,-9999.00000000000,-9999.00000000000,-9999.00000000000,-9999.00000000000,-9999.00000000000,-9999.00000000000,-9999.00000000000,-9999.00000000000,-9999.00000000000,8:30
-94.222921,36.449581,2012/08/29,L2,soil,summer,36.44958100000,-94.22292100000,baseflow,0.00900000000,-9999.00000000000,-9999.00000000000,-9999.00000000000,-9999.00000000000,-9999.00000000000,-9999.00000000000,-9999.00000000000,-9999,-9999.00000000000,5240.00000000000,-21.52000000000,-9999.00000000000,-9999.00000000000,-9999.00000000000,-9999.00000000000,-9999.00000000000,-9999.00000000000,-9999.00000000000,-9999.00000000000,-9999.00000000000,-9999.00000000000,11:10
-94.222921,36.449581,2012/09/12,L2,soil,summer,36.44958100000,-94.22292100000,baseflow,0.00900000000,-9999.00000000000,-9999.00000000000,-9999.00000000000,-9999.00000000000,-9999.00000000000,-9999.00000000000,-9999.00000000000,-9999,-9999.00000000000,6070.00000000000,-21.93000000000,-9999.00000000000,-9999.00000000000,-9999.00000000000,-9999.00000000000,-9999.00000000000,-9999.00000000000,-9999.00000000000,-9999.00000000000,-9999.00000000000,-9999.00000000000,12:45
-94.222921,36.449581,2012/09/17,L2,soil,summer,36.44958100000,-94.22292100000,storm,0.01700000000,-9999.00000000000,-9999.00000000000,-9999.00000000000,-9999.00000000000,-9999.00000000000,-9999.00000000000,-9999.00000000000,-9999,-9999.00000000000,3802.00000000000,-22.91000000000,-9999.00000000000,-9999.00000000000,-9999.00000000000,-9999.00000000000,-9999.00000000000,-9999.00000000000,-9999.00000000000,-9999.00000000000,-9999.00000000000,-9999.00000000000,12:00
-94.222921,36.449581,2012/10/01,L2,soil,fall,36.44958100000,-94.22292100000,baseflow,0.00900000000,-9999.00000000000,-9999.00000000000,-9999.00000000000,-9999.00000000000,-9999.00000000000,-9999.00000000000,-9999.00000000000,-9999,-9999.00000000000,4102.00000000000,-22.65000000000,-9999.00000000000,-9999.00000000000,-9999.00000000000,-9999.00000000000,-9999.00000000000,-9999.00000000000,-9999.00000000000,-9999.00000000000,-9999.00000000000,-9999.00000000000,9:45
-94.222921,36.449581,2012/10/08,L2,soil,fall,36.44958100000,-94.22292100000,baseflow,0.00900000000,-9999.00000000000,-9999.00000000000,-9999.00000000000,-9999.00000000000,-9999.00000000000,-9999.00000000000,-9999.00000000000,-9999,-9999.00000000000,3219.00000000000,-21.49000000000,-9999.00000000000,-9999.00000000000,-9999.00000000000,-9999.00000000000,-9999.00000000000,-9999.00000000000,-9999.00000000000,-9999.00000000000,-9999.00000000000,-9999.00000000000,8:45
-94.222921,36.449581,2012/10/19,L2,soil,fall,36.44958100000,-94.22292100000,baseflow,0.01300000000,-9999.00000000000,-9999.00000000000,-9999.00000000000,-9999.00000000000,-9999.00000000000,-9999.00000000000,-9999.00000000000,-9999,3.40000000000,3073.00000000000,-23.20000000000,1.60000000000,-15.82000000000,-9999.00000000000,-9999.00000000000,-9999.00000000000,-9999.00000000000,-9999.00000000000,-9999.00000000000,7.40000000000,-9999.00000000000,8:35
-94.222921,36.449581,2012/10/31,L2,soil,fall,36.44958100000,-94.22292100000,baseflow,0.00900000000,-9999.00000000000,-9999.00000000000,-9999.00000000000,-9999.00000000000,-9999.00000000000,-9999.00000000000,-9999.00000000000,-9999,-9999.00000000000,3321.00000000000,-21.20000000000,-9999.00000000000,-9999.00000000000,-9999.00000000000,-9999.00000000000,-9999.00000000000,-9999.00000000000,-9999.00000000000,-9999.00000000000,-9999.00000000000,-9999.00000000000,8:25
-94.222921,36.449581,2012/11/14,L2,soil,fall,36.44958100000,-94.22292100000,baseflow,0.00900000000,-9999.00000000000,-9999.00000000000,-9999.00000000000,-9999.00000000000,-9999.00000000000,-9999.00000000000,-9999.00000000000,-9999,-9999.00000000000,2130.00000000000,-22.85000000000,-9999.00000000000,-9999.00000000000,-9999.00000000000,-9999.00000000000,-9999.00000000000,-9999.00000000000,-9999.00000000000,-9999.00000000000,-9999.00000000000,-9999.00000000000,11:10
-94.222921,36.449581,2012/12/05,L2,soil,fall,36.44958100000,-94.22292100000,storm,0.03600000000,-9999.00000000000,-9999.00000000000,-9999.00000000000,-9999.00000000000,-9999.00000000000,-9999.00000000000,-9999.00000000000,-9999,4.60000000000,1956.00000000000,-19.40000000000,1.70000000000,-19.77000000000,-9999.00000000000,-9999.00000000000,-9999.00000000000,-9999.00000000000,-9999.00000000000,-9999.00000000000,-0.40000000000,-9999.00000000000,8:50
-94.222921,36.449581,2012/12/10,L2,soil,fall,36.44958100000,-94.22292100000,baseflow,0.01000000000,-9999.00000000000,-9999.00000000000,-9999.00000000000,-9999.00000000000,-9999.00000000000,-9999.00000000000,-9999.00000000000,-9999,5.10000000000,1165.00000000000,-19.81000000000,1.70000000000,-21.37000000000,-9999.00000000000,-9999.00000000000,-9999.00000000000,-9999.00000000000,-9999.00000000000,-9999.00000000000,-1.60000000000,-9999.00000000000,9:30
-94.222921,36.449581,2012/12/17,L2,soil,fall,36.44958100000,-94.22292100000,baseflow,0.00900000000,-9999.00000000000,-9999.00000000000,-9999.00000000000,-9999.00000000000,-9999.00000000000,-9999.00000000000,-9999.00000000000,-9999,4.90000000000,1472.00000000000,-20.44000000000,1.30000000000,-20.33000000000,-9999.00000000000,-9999.00000000000,-9999.00000000000,-9999.00000000000,-9999.00000000000,-9999.00000000000,0.10000000000,-9999.00000000000,9:45
-94.222921,36.449581,2013/01/28,L2,soil,winter,36.44958100000,-94.22292100000,baseflow,0.00900000000,-9999.00000000000,-9999.00000000000,-9999.00000000000,-9999.00000000000,-9999.00000000000,-9999.00000000000,-9999.00000000000,-9999,4.00000000000,928.00000000000,-19.65000000000,0.80000000000,-14.29000000000,-9999.00000000000,-9999.00000000000,-9999.00000000000,-9999.00000000000,-9999.00000000000,-9999.00000000000,5.40000000000,-9999.00000000000,12:20
-94.222921,36.449581,2013/03/01,L2,soil,winter,36.44958100000,-94.22292100000,baseflow,0.01000000000,-9999.00000000000,-9999.00000000000,-9999.00000000000,-9999.00000000000,-9999.00000000000,-9999.00000000000,-9999.00000000000,-9999,4.40000000000,531.00000000000,-19.16000000000,0.90000000000,-15.00000000000,-9999.00000000000,-9999.00000000000,-9999.00000000000,-9999.00000000000,-9999.00000000000,-9999.00000000000,4.20000000000,-9999.00000000000,11:45
-94.222921,36.449581,2013/03/27,L2,soil,spring,36.44958100000,-94.22292100000,storm,0.01800000000,-9999.00000000000,-9999.00000000000,-9999.00000000000,-9999.00000000000,-9999.00000000000,-9999.00000000000,-9999.00000000000,-9999,4.30000000000,1032.00000000000,-18.48000000000,1.10000000000,-17.66000000000,-9999.00000000000,-9999.00000000000,-9999.00000000000,-9999.00000000000,-9999.00000000000,-9999.00000000000,0.80000000000,-9999.00000000000,10:40
-94.222921,36.449581,2013/05/06,L2,soil,spring,36.44958100000,-94.22292100000,storm,0.04100000000,-9999.00000000000,-9999.00000000000,-9999.00000000000,-9999.00000000000,-9999.00000000000,-9999.00000000000,-9999.00000000000,-9999,4.10000000000,3410.00000000000,-22.88000000000,2.20000000000,-18.77000000000,-9999.00000000000,-9999.00000000000,-9999.00000000000,-9999.00000000000,-9999.00000000000,-9999.00000000000,4.10000000000,-9999.00000000000,9:10
