,discharge,quality
2014-09-15,30.6,A
2014-09-16,29.9,A
2014-09-17,29.4,A
2014-09-18,71.3,A
2014-09-19,126.0,A
2014-09-20,88.5,A
2014-09-21,75.9,A
2014-09-22,77.1,A
2014-09-23,65.8,A
2014-09-24,56.3,A
2014-09-25,50.5,A
2014-09-26,46.0,A
2014-09-27,42.7,A
2014-09-28,39.9,A
2014-09-29,37.9,A
2014-09-30,35.9,A
2014-10-01,34.6,A
2014-10-02,43.6,A
2014-10-03,99.7,A
2014-10-04,72.7,A
2014-10-05,57.1,A
2014-10-06,50.4,A
2014-10-07,46.1,A
2014-10-08,42.7,A
2014-10-09,40.5,A
2014-10-10,525.0,A
2014-10-11,640.0,A
2014-10-12,404.0,A
2014-10-13,1770.0,A
2014-10-14,1270.0,A
2014-10-15,637.0,A
2014-10-16,418.0,A
2014-10-17,308.0,A
2014-10-18,242.0,A
2014-10-19,197.0,A
2014-10-20,167.0,A
2014-10-21,147.0,A
2014-10-22,131.0,A
2014-10-23,121.0,A
2014-10-24,116.0,A
2014-10-25,108.0,A
2014-10-26,99.1,A
2014-10-27,94.1,A
2014-10-28,90.6,A
2014-10-29,85.9,A
2014-10-30,82.0,A
2014-10-31,76.6,A
2014-11-01,71.8,A
2014-11-02,68.0,A
2014-11-03,65.1,A
2014-11-04,80.1,A
2014-11-05,96.4,A
2014-11-06,98.7,A
2014-11-07,93.1,A
2014-11-08,88.6,A
2014-11-09,82.9,A
2014-11-10,79.0,A
2014-11-11,75.9,A
2014-11-12,67.7,A
2014-11-13,65.0,A
2014-11-14,62.6,A
2014-11-15,59.2,A
2014-11-16,58.6,A
2014-11-17,57.4,A
2014-11-18,57.1,A
2014-11-19,55.7,A
2014-11-20,54.6,A
2014-11-21,53.8,A
2014-11-22,53.5,A
2014-11-23,61.6,A
2014-11-24,70.1,A
2014-11-25,83.4,A
2014-11-26,80.9,A
2014-11-27,79.6,A
2014-11-28,76.6,A
2014-11-29,75.4,A
2014-11-30,73.5,A
2014-12-01,69.3,A
2014-12-02,66.4,A
2014-12-03,65.0,A
2014-12-04,63.5,A
2014-12-05,63.6,A
2014-12-06,74.7,A
2014-12-07,79.9,A
2014-12-08,81.3,A
2014-12-09,80.8,A
2014-12-10,79.6,A
2014-12-11,78.6,A
2014-12-12,76.9,A
2014-12-13,74.5,A
2014-12-14,73.9,A
2014-12-15,155.0,A
2014-12-16,207.0,A
2014-12-17,182.0,A
2014-12-18,208.0,A
2014-12-19,218.0,A
2014-12-20,206.0,A
2014-12-21,191.0,A
2014-12-22,183.0,A
2014-12-23,176.0,A
2014-12-24,166.0,A
2014-12-25,153.0,A
2014-12-26,145.0,A
2014-12-27,144.0,A
2014-12-28,144.0,A
2014-12-29,142.0,A
2014-12-30,137.0,A
2014-12-31,131.0,A
2015-01-01,127.0,A
2015-01-02,124.0,A
2015-01-03,140.0,A
2015-01-04,186.0,A
2015-01-05,184.0,A
2015-01-06,177.0,A
2015-01-07,169.0,A
2015-01-08,152.0,A
2015-01-09,146.0,A
2015-01-10,138.0,A
2015-01-11,134.0,A
2015-01-12,131.0,A
2015-01-13,125.0,A
2015-01-14,119.0,A
2015-01-15,114.0,A
2015-01-16,109.0,A
2015-01-17,105.0,A
2015-01-18,101.0,A
2015-01-19,97.9,A
2015-01-20,92.7,A
2015-01-21,89.2,A
2015-01-22,86.0,A
2015-01-23,85.2,A
2015-01-24,81.8,A
2015-01-25,78.9,A
2015-01-26,78.0,A
2015-01-27,76.8,A
2015-01-28,75.1,A
2015-01-29,75.8,A
2015-01-30,74.7,A
2015-01-31,73.5,A
2015-02-01,76.6,A
2015-02-02,78.4,A
2015-02-03,77.3,A
2015-02-04,76.4,A
2015-02-05,75.7,A
2015-02-06,73.9,A
2015-02-07,73.1,A
2015-02-08,73.2,A
2015-02-09,71.8,A
2015-02-10,69.9,A
2015-02-11,69.9,A
2015-02-12,69.7,A
2015-02-13,68.4,A
2015-02-14,67.8,A
2015-02-15,66.8,A
2015-02-16,73.3,A
2015-02-17,71.5,A
2015-02-18,70.4,A
2015-02-19,69.0,A
2015-02-20,67.0,A
2015-02-21,87.4,A
2015-02-22,182.0,A
2015-02-23,222.0,A
2015-02-24,206.0,A
2015-02-25,190.0,A
2015-02-26,177.0,A
2015-02-27,163.0,A
2015-02-28,157.0,A
2015-03-01,152.0,A
2015-03-02,146.0,A
2015-03-03,142.0,A
2015-03-04,152.0,A
2015-03-05,169.0,A
2015-03-06,181.0,A
2015-03-07,194.0,A
2015-03-08,196.0,A
2015-03-09,195.0,A
2015-03-10,214.0,A
2015-03-11,231.0,A
2015-03-12,231.0,A
2015-03-13,239.0,A
2015-03-14,1180.0,A
2015-03-15,886.0,A
2015-03-16,599.0,A
2015-03-17,456.0,A
2015-03-18,411.0,A
2015-03-19,460.0,A
2015-03-20,429.0,A
2015-03-21,392.0,A
2015-03-22,355.0,A
2015-03-23,319.0,A
2015-03-24,291.0,A
2015-03-25,329.0,A
2015-03-26,2870.0,A
2015-03-27,1250.0,A
2015-03-28,791.0,A
2015-03-29,598.0,A
2015-03-30,492.0,A
2015-03-31,427.0,A
2015-04-01,383.0,A
2015-04-02,347.0,A
2015-04-03,530.0,A
2015-04-04,399.0,A
2015-04-05,349.0,A
2015-04-06,324.0,A
2015-04-07,297.0,A
2015-04-08,271.0,A
2015-04-09,249.0,A
2015-04-10,238.0,A
2015-04-11,222.0,A
2015-04-12,209.0,A
2015-04-13,202.0,A
2015-04-14,208.0,A
2015-04-15,204.0,A
2015-04-16,202.0,A
2015-04-17,211.0,A
2015-04-18,1550.0,A
2015-04-19,937.0,A
2015-04-20,580.0,A
2015-04-21,429.0,A
2015-04-22,376.0,A
2015-04-23,336.0,A
2015-04-24,325.0,A
2015-04-25,325.0,A
2015-04-26,286.0,A
2015-04-27,255.0,A
2015-04-28,235.0,A
2015-04-29,222.0,A
2015-04-30,210.0,A
2015-05-01,195.0,A
2015-05-02,186.0,A
2015-05-03,180.0,A
2015-05-04,172.0,A
2015-05-05,163.0,A
2015-05-06,184.0,A
2015-05-07,249.0,A
2015-05-08,248.0,A
2015-05-09,380.0,A
2015-05-10,553.0,A
2015-05-11,923.0,A
2015-05-12,777.0,A
2015-05-13,574.0,A
2015-05-14,467.0,A
2015-05-15,396.0,A
2015-05-16,341.0,A
2015-05-17,373.0,A
2015-05-18,363.0,A
2015-05-19,395.0,A
2015-05-20,377.0,A
2015-05-21,365.0,A
2015-05-22,336.0,A
2015-05-23,317.0,A
2015-05-24,2610.0,A
2015-05-25,2520.0,A
2015-05-26,1280.0,A
2015-05-27,868.0,A
2015-05-28,723.0,A
2015-05-29,976.0,A
2015-05-30,2230.0,A
2015-05-31,1330.0,A
2015-06-01,892.0,A
2015-06-02,651.0,A
2015-06-03,563.0,A
2015-06-04,499.0,A
2015-06-05,448.0,A
2015-06-06,411.0,A
2015-06-07,382.0,A
2015-06-08,356.0,A
2015-06-09,331.0,A
2015-06-10,310.0,A
2015-06-11,293.0,A
2015-06-12,280.0,A
2015-06-13,269.0,A
2015-06-14,268.0,A
2015-06-15,288.0,A
2015-06-16,407.0,A
2015-06-17,372.0,A
2015-06-18,458.0,A
2015-06-19,3500.0,A
2015-06-20,1480.0,A
2015-06-21,846.0,A
2015-06-22,592.0,A
2015-06-23,487.0,A
2015-06-24,431.0,A
2015-06-25,388.0,A
2015-06-26,356.0,A
2015-06-27,330.0,A
2015-06-28,303.0,A
2015-06-29,281.0,A
2015-06-30,268.0,A
2015-07-01,259.0,A
2015-07-02,256.0,A
2015-07-03,267.0,A
2015-07-04,293.0,A
2015-07-05,278.0,A
2015-07-06,261.0,A
2015-07-07,1520.0,A
2015-07-08,2070.0,A
2015-07-09,2950.0,A
2015-07-10,3450.0,A
2015-07-11,1160.0,A
2015-07-12,691.0,A
2015-07-13,494.0,A
2015-07-14,388.0,A
2015-07-15,324.0,A
2015-07-16,285.0,A
2015-07-17,251.0,A
2015-07-18,224.0,A
2015-07-19,203.0,A
2015-07-20,190.0,A
2015-07-21,194.0,A
2015-07-22,197.0,A
2015-07-23,193.0,A
2015-07-24,178.0,A
2015-07-25,166.0,A
2015-07-26,157.0,A
2015-07-27,148.0,A
2015-07-28,142.0,A
2015-07-29,136.0,A
2015-07-30,131.0,A
2015-07-31,125.0,A
2015-08-01,120.0,A
2015-08-02,114.0,A
2015-08-03,110.0,A
2015-08-04,104.0,A
2015-08-05,107.0,A
2015-08-06,112.0,A
2015-08-07,107.0,A
2015-08-08,101.0,A
2015-08-09,95.2,A
2015-08-10,88.9,A
2015-08-11,88.0,A
2015-08-12,81.5,A
2015-08-13,77.2,A
2015-08-14,70.7,A
2015-08-15,83.1,A
2015-08-16,66.5,A
2015-08-17,64.6,A
2015-08-18,51.4,A
2015-08-19,147.0,A
2015-08-20,182.0,A
2015-08-21,139.0,A
2015-08-22,184.0,A
2015-08-23,288.0,A
2015-08-24,287.0,A
2015-08-25,210.0,A
2015-08-26,173.0,A
2015-08-27,149.0,A
2015-08-28,132.0,A
2015-08-29,119.0,A
2015-08-30,108.0,A
2015-08-31,101.0,A
2015-09-01,94.9,A
2015-09-02,88.1,A
2015-09-03,82.7,A
2015-09-04,78.5,A
2015-09-05,73.8,A
2015-09-06,70.3,A
2015-09-07,67.0,A
2015-09-08,96.1,A
2015-09-09,164.0,A
2015-09-10,138.0,A
2015-09-11,119.0,A
2015-09-12,104.0,A
2015-09-13,90.4,A
2015-09-14,81.2,A
2015-09-15,74.2,A
2015-09-16,67.8,A
2015-09-17,64.0,A
2015-09-18,61.6,A
2015-09-19,59.2,A
2015-09-20,56.6,A
2015-09-21,55.8,A
2015-09-22,54.4,A
2015-09-23,53.0,A
2015-09-24,51.5,A
2015-09-25,49.9,A
2015-09-26,48.5,A
2015-09-27,47.1,A
2015-09-28,46.9,A
2015-09-29,46.3,A
2015-09-30,46.0,A
2015-10-01,45.4,A
2015-10-02,43.8,A
2015-10-03,42.6,A
2015-10-04,42.2,A
2015-10-05,42.2,A
2015-10-06,42.5,A
2015-10-07,42.0,A
2015-10-08,41.3,A
2015-10-09,42.1,A
2015-10-10,42.7,A
2015-10-11,42.3,A
2015-10-12,54.6,A
2015-10-13,98.4,A
2015-10-14,47.6,A
2015-10-15,40.8,A
2015-10-16,40.9,A
2015-10-17,43.2,A
2015-10-18,42.2,A
2015-10-19,41.3,A
2015-10-20,39.7,A
2015-10-21,39.5,A
2015-10-22,39.1,A
2015-10-23,40.3,A
2015-10-24,35.7,A
2015-10-25,30.9,A
2015-10-26,29.1,A
2015-10-27,36.8,A
2015-10-28,35.0,A
2015-10-29,40.8,A
2015-10-30,41.9,A
2015-10-31,45.3,A
2015-11-01,51.9,A
2015-11-02,50.0,A
2015-11-03,46.0,A
2015-11-04,44.7,A
2015-11-05,42.7,A
2015-11-06,51.6,A
2015-11-07,52.3,A
2015-11-08,47.2,A
2015-11-09,43.8,A
2015-11-10,41.8,A
2015-11-11,38.4,A
2015-11-12,40.3,A
2015-11-13,37.1,A
2015-11-14,36.6,A
2015-11-15,38.1,A
2015-11-16,45.8,A
2015-11-17,558.0,A
2015-11-18,664.0,A
2015-11-19,357.0,A
2015-11-20,260.0,A
2015-11-21,206.0,A
2015-11-22,178.0,A
2015-11-23,156.0,A
2015-11-24,139.0,A
2015-11-25,126.0,A
2015-11-26,116.0,A
2015-11-27,674.0,A
2015-11-28,1220.0,A
2015-11-29,896.0,A
2015-11-30,624.0,A
2015-12-01,473.0,A
2015-12-02,384.0,A
2015-12-03,322.0,A
2015-12-04,274.0,A
2015-12-05,240.0,A
2015-12-06,214.0,A
2015-12-07,195.0,A
2015-12-08,181.0,A
2015-12-09,169.0,A
2015-12-10,158.0,A
2015-12-11,152.0,A
2015-12-12,150.0,A
2015-12-13,887.0,A
2015-12-14,1740.0,A
2015-12-15,959.0,A
2015-12-16,616.0,A
2015-12-17,458.0,A
2015-12-18,369.0,A
2015-12-19,312.0,A
2015-12-20,271.0,A
2015-12-21,246.0,A
2015-12-22,224.0,A
2015-12-23,213.0,A
2015-12-24,209.0,A
2015-12-25,191.0,A
2015-12-26,1510.0,A
2015-12-27,19100.0,A
2015-12-28,13000.0,A
2015-12-29,2980.0,A
2015-12-30,1390.0,A
2015-12-31,850.0,A
2016-01-01,615.0,A
2016-01-02,507.0,A
2016-01-03,437.0,A
2016-01-04,387.0,A
2016-01-05,353.0,A
2016-01-06,325.0,A
2016-01-07,312.0,A
2016-01-08,314.0,A
2016-01-09,308.0,A
2016-01-10,311.0,A
2016-01-11,304.0,A
2016-01-12,296.0,A
2016-01-13,281.0,A
2016-01-14,268.0,A
2016-01-15,257.0,A
2016-01-16,245.0,A
2016-01-17,230.0,A
2016-01-18,218.0,A
2016-01-19,210.0,A
2016-01-20,202.0,A
2016-01-21,197.0,A
2016-01-22,190.0,A
2016-01-23,185.0,A
2016-01-24,180.0,A
2016-01-25,175.0,A
2016-01-26,173.0,A
2016-01-27,166.0,A
2016-01-28,163.0,A
2016-01-29,157.0,A
2016-01-30,157.0,A
2016-01-31,152.0,A
2016-02-01,149.0,A
2016-02-02,146.0,A
2016-02-03,146.0,A
2016-02-04,141.0,A
2016-02-05,137.0,A
2016-02-06,131.0,A
2016-02-07,127.0,A
2016-02-08,125.0,A
2016-02-09,122.0,A
2016-02-10,116.0,A
2016-02-11,113.0,A
2016-02-12,110.0,A
2016-02-13,106.0,A
2016-02-14,104.0,A
2016-02-15,104.0,A
2016-02-16,103.0,A
2016-02-17,103.0,A
2016-02-18,96.9,A
2016-02-19,98.4,A
2016-02-20,94.8,A
2016-02-21,93.2,A
2016-02-22,90.7,A
2016-02-23,90.7,A
2016-02-24,94.4,A
2016-02-25,95.8,A
2016-02-26,94.3,A
2016-02-27,90.3,A
2016-02-28,87.1,A
2016-02-29,87.5,A
2016-03-01,88.7,A
2016-03-02,90.7,A
2016-03-03,92.3,A
2016-03-04,90.3,A
2016-03-05,88.5,A
2016-03-06,84.6,A
2016-03-07,85.1,A
2016-03-08,99.4,A
2016-03-09,189.0,A
2016-03-10,211.0,A
2016-03-11,210.0,A
2016-03-12,207.0,A
2016-03-13,215.0,A
2016-03-14,346.0,A
2016-03-15,295.0,A
2016-03-16,258.0,A
2016-03-17,234.0,A
2016-03-18,217.0,A
2016-03-19,202.0,A
2016-03-20,189.0,A
2016-03-21,179.0,A
2016-03-22,166.0,A
2016-03-23,159.0,A
2016-03-24,194.0,A
2016-03-25,203.0,A
2016-03-26,188.0,A
2016-03-27,182.0,A
2016-03-28,175.0,A
2016-03-29,164.0,A
2016-03-30,160.0,A
2016-03-31,163.0,A
2016-04-01,164.0,A
2016-04-02,156.0,A
2016-04-03,150.0,A
2016-04-04,144.0,A
2016-04-05,136.0,A
2016-04-06,132.0,A
2016-04-07,126.0,A
2016-04-08,123.0,A
2016-04-09,116.0,A
2016-04-10,111.0,A
2016-04-11,119.0,A
2016-04-12,115.0,A
2016-04-13,109.0,A
2016-04-14,106.0,A
2016-04-15,103.0,A
2016-04-16,101.0,A
2016-04-17,96.8,A
2016-04-18,100.0,A
2016-04-19,107.0,A
2016-04-20,108.0,A
2016-04-21,102.0,A
2016-04-22,97.8,A
2016-04-23,95.0,A
2016-04-24,90.7,A
2016-04-25,88.6,A
2016-04-26,84.8,A
2016-04-27,114.0,A
2016-04-28,140.0,A
2016-04-29,135.0,A
2016-04-30,325.0,A
2016-05-01,324.0,A
2016-05-02,263.0,A
2016-05-03,229.0,A
2016-05-04,203.0,A
2016-05-05,183.0,A
2016-05-06,168.0,A
2016-05-07,154.0,A
2016-05-08,143.0,A
2016-05-09,139.0,A
2016-05-10,141.0,A
2016-05-11,127.0,A
2016-05-12,133.0,A
2016-05-13,124.0,A
2016-05-14,114.0,A
2016-05-15,105.0,A
2016-05-16,104.0,A
2016-05-17,113.0,A
2016-05-18,109.0,A
2016-05-19,101.0,A
2016-05-20,97.4,A
2016-05-21,97.1,A
2016-05-22,93.0,A
2016-05-23,90.0,A
2016-05-24,103.0,A
2016-05-25,125.0,A
2016-05-26,250.0,A
2016-05-27,190.0,A
2016-05-28,167.0,A
2016-05-29,151.0,A
2016-05-30,138.0,A
2016-05-31,140.0,A
2016-06-01,136.0,A
2016-06-02,140.0,A
2016-06-03,136.0,A
2016-06-04,157.0,A
2016-06-05,197.0,A
2016-06-06,170.0,A
2016-06-07,143.0,A
2016-06-08,141.0,A
2016-06-09,132.0,A
2016-06-10,124.0,A
2016-06-11,115.0,A
2016-06-12,124.0,A
2016-06-13,173.0,A
2016-06-14,156.0,A
2016-06-15,141.0,A
2016-06-16,128.0,A
2016-06-17,118.0,A
2016-06-18,110.0,A
2016-06-19,105.0,A
2016-06-20,95.1,A
2016-06-21,87.9,A
2016-06-22,81.2,A
2016-06-23,76.8,A
2016-06-24,71.7,A
2016-06-25,68.0,A
2016-06-26,64.0,A
2016-06-27,62.4,A
2016-06-28,66.9,A
2016-06-29,63.0,A
2016-06-30,60.1,A
2016-07-01,84.1,A
2016-07-02,89.3,A
2016-07-03,950.0,A
2016-07-04,778.0,A
2016-07-05,410.0,A
2016-07-06,296.0,A
2016-07-07,242.0,A
2016-07-08,199.0,A
2016-07-09,555.0,A
2016-07-10,403.0,A
2016-07-11,279.0,A
2016-07-12,220.0,A
2016-07-13,188.0,A
2016-07-14,166.0,A
2016-07-15,157.0,A
2016-07-16,177.0,A
2016-07-17,151.0,A
2016-07-18,138.0,A
2016-07-19,129.0,A
2016-07-20,119.0,A
2016-07-21,112.0,A
2016-07-22,105.0,A
2016-07-23,95.9,A
2016-07-24,87.4,A
2016-07-25,81.0,A
2016-07-26,333.0,A
2016-07-27,426.0,A
2016-07-28,426.0,A
2016-07-29,246.0,A
2016-07-30,187.0,A
2016-07-31,162.0,A
2016-08-01,143.0,A
2016-08-02,127.0,A
2016-08-03,114.0,A
2016-08-04,102.0,A
2016-08-05,92.1,A
2016-08-06,96.3,A
2016-08-07,114.0,A
2016-08-08,154.0,A
2016-08-09,125.0,A
2016-08-10,107.0,A
2016-08-11,94.8,A
2016-08-12,87.2,A
2016-08-13,80.1,A
2016-08-14,71.1,A
2016-08-15,65.1,A
2016-08-16,62.9,A
2016-08-17,58.8,A
2016-08-18,56.1,A
2016-08-19,55.6,A
2016-08-20,55.9,A
2016-08-21,54.5,A
2016-08-22,50.7,A
2016-08-23,48.3,A
2016-08-24,46.8,A
2016-08-25,44.2,A
2016-08-26,43.3,A
2016-08-27,44.7,A
2016-08-28,44.5,A
2016-08-29,42.3,A
2016-08-30,40.5,A
2016-08-31,39.5,A
2016-09-01,39.2,A
2016-09-02,38.1,A
2016-09-03,36.4,A
2016-09-04,34.9,A
2016-09-05,33.6,A
2016-09-06,33.1,A
2016-09-07,32.7,A
2016-09-08,36.7,A
2016-09-09,418.0,A
2016-09-10,219.0,A
2016-09-11,168.0,A
2016-09-12,132.0,A
2016-09-13,115.0,A
2016-09-14,105.0,A
2016-09-15,126.0,A
2016-09-16,115.0,A
2016-09-17,405.0,A
2016-09-18,242.0,A
2016-09-19,185.0,A
2016-09-20,154.0,A
2016-09-21,134.0,A
2016-09-22,121.0,A
2016-09-23,109.0,A
2016-09-24,101.0,A
2016-09-25,90.8,A
2016-09-26,82.1,A
2016-09-27,73.5,A
2016-09-28,68.5,A
2016-09-29,67.2,A
2016-09-30,61.5,A
2016-10-01,60.5,A
2016-10-02,56.0,A
2016-10-03,53.7,A
2016-10-04,51.0,A
2016-10-05,60.9,A
2016-10-06,68.4,A
2016-10-07,72.9,A
2016-10-08,69.9,A
2016-10-09,63.3,A
2016-10-10,58.8,A
2016-10-11,55.4,A
2016-10-12,89.9,A
2016-10-13,288.0,A
2016-10-14,207.0,A
2016-10-15,171.0,A
2016-10-16,149.0,A
2016-10-17,133.0,A
2016-10-18,124.0,A
2016-10-19,112.0,A
2016-10-20,139.0,A
2016-10-21,165.0,A
2016-10-22,139.0,A
2016-10-23,124.0,A
2016-10-24,114.0,A
2016-10-25,106.0,A
2016-10-26,99.9,A
2016-10-27,94.8,A
2016-10-28,88.2,A
2016-10-29,82.3,A
2016-10-30,77.9,A
2016-10-31,72.0,A
2016-11-01,68.5,A
2016-11-02,65.6,A
2016-11-03,63.2,A
2016-11-04,60.3,A
2016-11-05,57.8,A
2016-11-06,55.8,A
2016-11-07,55.3,A
2016-11-08,57.6,A
2016-11-09,55.6,A
2016-11-10,54.3,A
2016-11-11,52.5,A
2016-11-12,49.9,A
2016-11-13,48.7,A
2016-11-14,47.9,A
2016-11-15,47.3,A
2016-11-16,46.2,A
2016-11-17,43.8,A
2016-11-18,44.3,A
2016-11-19,43.1,A
2016-11-20,41.8,A
2016-11-21,41.0,A
2016-11-22,41.0,A
2016-11-23,43.0,A
2016-11-24,42.2,A
2016-11-25,40.6,A
2016-11-26,40.6,A
2016-11-27,39.9,A
2016-11-28,41.2,A
2016-11-29,42.2,A
2016-11-30,40.5,A
2016-12-01,40.2,A
2016-12-02,40.0,A
2016-12-03,38.2,A
2016-12-04,38.8,A
2016-12-05,40.4,A
2016-12-06,40.3,A
2016-12-07,39.4,A
2016-12-08,38.2,A
2016-12-09,37.7,A
2016-12-10,37.2,A
2016-12-11,36.9,A
2016-12-12,37.8,A
2016-12-13,36.9,A
2016-12-14,36.9,A
2016-12-15,36.7,A
2016-12-16,36.1,A
2016-12-17,36.3,A
2016-12-18,36.5,A
2016-12-19,35.5,A
2016-12-20,35.5,A
2016-12-21,35.8,A
2016-12-22,35.7,A
2016-12-23,36.3,A
2016-12-24,38.7,A
2016-12-25,39.1,A
2016-12-26,58.2,A
2016-12-27,64.3,A
2016-12-28,56.5,A
2016-12-29,55.4,A
2016-12-30,50.9,A
2016-12-31,47.8,A
2017-01-01,44.9,A
2017-01-02,43.3,A
2017-01-03,43.5,A
2017-01-04,42.4,A
2017-01-05,41.1,A
2017-01-06,39.2,A
2017-01-07,37.8,A
2017-01-08,36.9,A
2017-01-09,36.6,A
2017-01-10,37.2,A
2017-01-11,37.6,A
2017-01-12,38.4,A
2017-01-13,37.1,A
2017-01-14,57.9,A
2017-01-15,178.0,A
2017-01-16,346.0,A
2017-01-17,327.0,A
2017-01-18,254.0,A
2017-01-19,218.0,A
2017-01-20,187.0,A
2017-01-21,165.0,A
2017-01-22,175.0,A
2017-01-23,259.0,A
2017-01-24,272.0,A
2017-01-25,255.0,A
2017-01-26,225.0,A
2017-01-27,204.0,A
2017-01-28,193.0,A
2017-01-29,199.0,A
2017-01-30,188.0,A
2017-01-31,145.0,A
2017-02-01,116.0,A
2017-02-02,104.0,A
2017-02-03,95.9,A
2017-02-04,89.8,A
2017-02-05,85.7,A
2017-02-06,79.6,A
2017-02-07,79.8,A
2017-02-08,74.0,A
2017-02-09,70.7,A
2017-02-10,68.6,A
2017-02-11,68.3,A
2017-02-12,65.9,A
2017-02-13,62.4,A
2017-02-14,72.7,A
2017-02-15,90.6,A
2017-02-16,99.6,A
2017-02-17,94.5,A
2017-02-18,89.4,A
2017-02-19,85.0,A
2017-02-20,83.7,A
2017-02-21,82.2,A
2017-02-22,79.8,A
2017-02-23,76.7,A
2017-02-24,74.7,A
2017-02-25,70.8,A
2017-02-26,67.7,A
2017-02-27,66.0,A
2017-02-28,65.4,A
2017-03-01,68.6,A
2017-03-02,67.1,A
2017-03-03,64.2,A
2017-03-04,61.3,A
2017-03-05,58.3,A
2017-03-06,55.7,A
2017-03-07,65.8,A
2017-03-08,77.8,A
2017-03-09,74.9,A
2017-03-10,74.3,A
2017-03-11,79.3,A
2017-03-12,96.4,A
2017-03-13,110.0,A
2017-03-14,113.0,A
2017-03-15,110.0,A
2017-03-16,107.0,A
2017-03-17,104.0,A
2017-03-18,101.0,A
2017-03-19,94.9,A
2017-03-20,92.1,A
2017-03-21,88.3,A
2017-03-22,100.0,A
2017-03-23,124.0,A
2017-03-24,119.0,A
2017-03-25,307.0,A
2017-03-26,337.0,A
2017-03-27,393.0,A
2017-03-28,476.0,A
2017-03-29,399.0,A
2017-03-30,333.0,A
2017-03-31,287.0,A
2017-04-01,252.0,A
2017-04-02,227.0,A
2017-04-03,221.0,A
2017-04-04,233.0,A
2017-04-05,224.0,A
2017-04-06,212.0,A
2017-04-07,197.0,A
2017-04-08,183.0,A
2017-04-09,174.0,A
2017-04-10,167.0,A
2017-04-11,156.0,A
2017-04-12,149.0,A
2017-04-13,145.0,A
2017-04-14,137.0,A
2017-04-15,133.0,A
2017-04-16,134.0,A
2017-04-17,237.0,A
2017-04-18,269.0,A
2017-04-19,233.0,A
2017-04-20,236.0,A
2017-04-21,2120.0,A
2017-04-22,4320.0,A
2017-04-23,1380.0,A
2017-04-24,799.0,A
2017-04-25,577.0,A
2017-04-26,645.0,A
2017-04-27,919.0,A
2017-04-28,721.0,A
2017-04-29,13900.0,A
2017-04-30,10400.0,A
2017-05-01,2380.0,A
2017-05-02,1130.0,A
2017-05-03,735.0,A
2017-05-04,564.0,A
2017-05-05,460.0,A
2017-05-06,390.0,A
2017-05-07,340.0,A
2017-05-08,302.0,A
2017-05-09,272.0,A
2017-05-10,247.0,A
2017-05-11,276.0,A
2017-05-12,577.0,A
2017-05-13,525.0,A
2017-05-14,379.0,A
2017-05-15,307.0,A
2017-05-16,264.0,A
2017-05-17,235.0,A
2017-05-18,212.0,A
2017-05-19,296.0,A
2017-05-20,5990.0,A
2017-05-21,1850.0,A
2017-05-22,849.0,A
2017-05-23,577.0,A
2017-05-24,459.0,A
2017-05-25,385.0,A
2017-05-26,338.0,A
2017-05-27,316.0,A
2017-05-28,393.0,A
2017-05-29,337.0,A
2017-05-30,291.0,A
2017-05-31,263.0,A
2017-06-01,240.0,A
2017-06-02,224.0,A
2017-06-03,213.0,A
2017-06-04,231.0,A
2017-06-05,331.0,A
2017-06-06,296.0,A
2017-06-07,254.0,A
2017-06-08,225.0,A
2017-06-09,208.0,A
2017-06-10,193.0,A
2017-06-11,179.0,A
2017-06-12,166.0,A
2017-06-13,155.0,A
2017-06-14,148.0,A
2017-06-15,141.0,A
2017-06-16,139.0,A
2017-06-17,133.0,A
2017-06-18,134.0,A
2017-06-19,132.0,A
2017-06-20,129.0,A
2017-06-21,145.0,A
2017-06-22,113.0,A
2017-06-23,107.0,A
2017-06-24,100.0,A
2017-06-25,94.3,A
2017-06-26,87.6,A
2017-06-27,81.7,A
2017-06-28,76.3,A
2017-06-29,72.6,A
2017-06-30,78.9,A
2017-07-01,84.8,A
2017-07-02,94.6,A
2017-07-03,619.0,A
2017-07-04,316.0,A
2017-07-05,318.0,A
2017-07-06,281.0,A
2017-07-07,229.0,A
2017-07-08,369.0,A
2017-07-09,361.0,A
2017-07-10,269.0,A
2017-07-11,224.0,A
2017-07-12,189.0,A
2017-07-13,166.0,A
2017-07-14,152.0,A
2017-07-15,141.0,A
2017-07-16,132.0,A
2017-07-17,126.0,A
2017-07-18,120.0,A
2017-07-19,112.0,A
2017-07-20,106.0,A
2017-07-21,99.2,A
2017-07-22,92.7,A
2017-07-23,86.8,A
2017-07-24,81.0,A
2017-07-25,79.5,A
2017-07-26,73.3,A
2017-07-27,68.7,A
2017-07-28,69.6,A
2017-07-29,88.5,A
2017-07-30,82.8,A
2017-07-31,74.1,A
2017-08-01,68.5,A
2017-08-02,65.6,A
2017-08-03,62.1,A
2017-08-04,59.2,A
2017-08-05,54.0,A
2017-08-06,62.4,A
2017-08-07,85.1,A
2017-08-08,79.2,A
2017-08-09,69.6,A
2017-08-10,62.9,A
2017-08-11,70.2,A
2017-08-12,75.1,A
2017-08-13,72.3,A
2017-08-14,103.0,A
2017-08-15,93.7,A
2017-08-16,120.0,A
2017-08-17,160.0,A
2017-08-18,172.0,A
2017-08-19,163.0,A
2017-08-20,145.0,A
2017-08-21,128.0,A
2017-08-22,119.0,A
2017-08-23,112.0,A
2017-08-24,99.9,A
2017-08-25,89.4,A
2017-08-26,82.4,A
2017-08-27,76.6,A
2017-08-28,70.5,A
2017-08-29,65.6,A
2017-08-30,61.4,A
2017-08-31,56.9,A
2017-09-01,54.1,A
2017-09-02,51.7,A
2017-09-03,49.8,A
2017-09-04,47.4,A
2017-09-05,45.4,A
2017-09-06,42.1,A
2017-09-07,40.6,A
2017-09-08,39.6,A
2017-09-09,39.0,A
2017-09-10,37.9,A
2017-09-11,36.8,A
2017-09-12,35.4,A
2017-09-13,35.2,A
2017-09-14,35.2,A
2017-09-15,33.6,A
2017-09-16,33.0,A
2017-09-17,39.4,A
2017-09-18,51.9,A
2017-09-19,50.8,A
2017-09-20,46.0,A
2017-09-21,42.9,A
2017-09-22,40.2,A
2017-09-23,38.8,A
2017-09-24,35.8,A
2017-09-25,34.7,A
2017-09-26,34.3,A
2017-09-27,36.9,A
2017-09-28,36.7,A
2017-09-29,35.6,A
2017-09-30,33.6,A
2017-10-01,32.8,A
2017-10-02,31.5,A
2017-10-03,31.5,A
2017-10-04,36.4,A
2017-10-05,44.1,A
2017-10-06,47.3,A
2017-10-07,44.9,A
2017-10-08,41.1,A
2017-10-09,38.8,A
2017-10-10,40.4,A
2017-10-11,42.3,A
2017-10-12,42.3,A
2017-10-13,39.9,A
2017-10-14,38.4,A
2017-10-15,43.3,A
2017-10-16,53.8,A
2017-10-17,52.7,A
2017-10-18,46.9,A
2017-10-19,43.0,A
2017-10-20,40.0,A
2017-10-21,39.4,A
2017-10-22,110.0,A
2017-10-23,164.0,A
2017-10-24,113.0,A
2017-10-25,92.7,A
2017-10-26,79.3,A
2017-10-27,67.9,A
2017-10-28,60.3,A
2017-10-29,55.9,A
2017-10-30,52.6,A
2017-10-31,50.0,A
2017-11-01,48.0,A
2017-11-02,47.2,A
2017-11-03,46.3,A
2017-11-04,44.6,A
2017-11-05,44.1,A
2017-11-06,43.7,A
2017-11-07,42.4,A
2017-11-08,41.1,A
2017-11-09,40.3,A
2017-11-10,41.5,A
2017-11-11,45.7,A
2017-11-12,46.4,A
2017-11-13,46.2,A
2017-11-14,104.0,A
2017-11-15,130.0,A
2017-11-16,128.0,A
2017-11-17,122.0,A
2017-11-18,116.0,A
2017-11-19,108.0,A
2017-11-20,102.0,A
2017-11-21,98.6,A
2017-11-22,92.8,A
2017-11-23,82.8,A
2017-11-24,79.0,A
2017-11-25,77.0,A
2017-11-26,73.8,A
2017-11-27,71.4,A
2017-11-28,59.4,A
2017-11-29,63.3,A
2017-11-30,76.5,A
2017-12-01,90.0,A
2017-12-02,86.7,A
2017-12-03,78.3,A
2017-12-04,75.2,A
2017-12-05,80.7,A
2017-12-06,68.6,A
2017-12-07,55.7,A
2017-12-08,51.2,A
2017-12-09,48.5,A
2017-12-10,45.9,A
2017-12-11,43.8,A
2017-12-12,42.2,A
2017-12-13,37.4,A
2017-12-14,34.6,A
2017-12-15,33.7,A
2017-12-16,33.5,A
2017-12-17,36.1,A
2017-12-18,37.0,A
2017-12-19,39.3,A
2017-12-20,46.1,A
2017-12-21,51.8,A
2017-12-22,51.4,A
2017-12-23,93.0,A
2017-12-24,122.0,A
2017-12-25,106.0,A
2017-12-26,95.1,A
2017-12-27,87.0,A
2017-12-28,78.4,A
2017-12-29,71.6,A
2017-12-30,67.5,A
2017-12-31,61.5,A
2018-01-01,56.5,A
